depth,heuristic,found,solution_cost,nodes_expanded,nodes_generated,runtime_seconds,effective_branching_factor
2,h1,True,2,2,7,1.8125000000424052e-05,2.0
2,h1,True,2,2,7,1.862500000004985e-05,2.0
2,h1,True,2,2,5,1.1999999999900979e-05,1.5615528128088303
2,h1,True,2,2,7,1.5582999999708136e-05,2.0
2,h1,True,2,2,5,1.1834000000376932e-05,1.5615528128088303
2,h1,True,2,2,5,1.1834000000376932e-05,1.5615528128088303
2,h1,True,2,2,5,1.1875000000216573e-05,1.5615528128088303
2,h1,True,2,2,7,1.5207999999766741e-05,2.0
2,h1,True,2,2,7,1.5292000000499684e-05,2.0
2,h1,True,2,2,5,1.154100000011482e-05,1.5615528128088303
2,h1,True,2,2,7,1.541700000018409e-05,2.0
2,h1,True,2,2,5,1.1666999999881966e-05,1.5615528128088303
2,h1,True,2,2,7,1.545900000010647e-05,2.0
2,h1,True,2,2,5,1.1583000000037202e-05,1.5615528128088303
2,h1,True,2,2,7,1.4832999999825347e-05,2.0
2,h1,True,2,2,5,1.1416999999624977e-05,1.5615528128088303
2,h1,True,2,2,7,1.51669999999271e-05,2.0
2,h1,True,2,2,5,1.1584000000119943e-05,1.5615528128088303
2,h1,True,2,2,5,1.1375000000590774e-05,1.5615528128088303
2,h1,True,2,2,5,1.1416000000430415e-05,1.5615528128088303
2,h1,True,2,2,5,1.1417000000513156e-05,1.5615528128088303
2,h1,True,2,2,5,1.125000000001819e-05,1.5615528128088303
2,h1,True,2,2,7,1.5042000000242695e-05,2.0
2,h1,True,2,2,5,1.154100000011482e-05,1.5615528128088303
2,h1,True,2,2,5,1.1458000000352797e-05,1.5615528128088303
2,h1,True,2,2,7,1.5375000000261707e-05,2.0
2,h1,True,2,2,7,1.5083000000082336e-05,2.0
2,h1,True,2,2,5,1.1458000000352797e-05,1.5615528128088303
2,h1,True,2,2,7,1.5291000000416943e-05,2.0
2,h1,True,2,2,5,1.1333999999862954e-05,1.5615528128088303
2,h1,True,2,2,5,1.1583000000037202e-05,1.5615528128088303
2,h1,True,2,2,7,1.5125000000004718e-05,2.0
2,h1,True,2,2,7,1.5292000000499684e-05,2.0
2,h1,True,2,2,5,1.1500000000275179e-05,1.5615528128088303
2,h1,True,2,2,7,1.5125000000004718e-05,2.0
2,h1,True,2,2,7,1.5041999999354516e-05,2.0
2,h1,True,2,2,5,1.1333999999862954e-05,1.5615528128088303
2,h1,True,2,2,5,1.174999999964399e-05,1.5615528128088303
2,h1,True,2,2,7,1.5291999999611505e-05,2.0
2,h1,True,2,2,5,1.1542000000197561e-05,1.5615528128088303
2,h1,True,2,2,7,1.4916000000475549e-05,2.0
2,h1,True,2,2,7,1.495800000039793e-05,2.0
2,h1,True,2,2,7,1.5000000000320313e-05,2.0
2,h1,True,2,2,7,1.4958999999592493e-05,2.0
2,h1,True,2,2,5,1.1500000000275179e-05,1.5615528128088303
2,h1,True,2,2,7,1.5125000000004718e-05,2.0
2,h1,True,2,2,5,1.1332999999780213e-05,1.5615528128088303
2,h1,True,2,2,5,1.1332999999780213e-05,1.5615528128088303
2,h1,True,2,2,5,1.125000000001819e-05,1.5615528128088303
2,h1,True,2,2,5,1.1333999999862954e-05,1.5615528128088303
2,h1,True,2,2,7,1.5125000000004718e-05,2.0
2,h1,True,2,2,7,1.491699999967011e-05,2.0
2,h1,True,2,2,7,1.5041999999354516e-05,2.0
2,h1,True,2,2,5,1.1582999999149024e-05,1.5615528128088303
2,h1,True,2,2,5,1.1624999999959584e-05,1.5615528128088303
2,h1,True,2,2,7,1.5334000000422066e-05,2.0
2,h1,True,2,2,7,1.5249999999689123e-05,2.0
2,h1,True,2,2,7,1.4999999999432134e-05,2.0
2,h1,True,2,2,7,1.5332999999451147e-05,2.0
2,h1,True,2,2,5,1.1500000000275179e-05,1.5615528128088303
2,h1,True,2,2,5,1.1458000000352797e-05,1.5615528128088303
2,h1,True,2,2,5,1.1459000000435537e-05,1.5615528128088303
2,h1,True,2,2,5,1.1416999999624977e-05,1.5615528128088303
2,h1,True,2,2,7,1.4833999999908087e-05,2.0
2,h1,True,2,2,7,1.537499999937353e-05,2.0
2,h1,True,2,2,7,1.4999999999432134e-05,2.0
2,h1,True,2,2,7,1.4832999999825347e-05,2.0
2,h1,True,2,2,5,1.1415999999542237e-05,1.5615528128088303
2,h1,True,2,2,7,1.5000000000320313e-05,2.0
2,h1,True,2,2,5,1.1416000000430415e-05,1.5615528128088303
2,h1,True,2,2,5,1.1416999999624977e-05,1.5615528128088303
2,h1,True,2,2,7,1.5207999999766741e-05,2.0
2,h1,True,2,2,5,1.1457999999464619e-05,1.5615528128088303
2,h1,True,2,2,7,1.5040999999271776e-05,2.0
2,h1,True,2,2,5,1.1499999999387e-05,1.5615528128088303
2,h1,True,2,2,5,1.1375000000590774e-05,1.5615528128088303
2,h1,True,2,2,5,1.154100000011482e-05,1.5615528128088303
2,h1,True,2,2,7,1.5207999999766741e-05,2.0
2,h1,True,2,2,5,1.1542000000197561e-05,1.5615528128088303
2,h1,True,2,2,5,1.174999999964399e-05,1.5615528128088303
2,h1,True,2,2,7,1.5083000000082336e-05,2.0
2,h1,True,2,2,7,1.4959000000480671e-05,2.0
2,h1,True,2,2,7,1.4958999999592493e-05,2.0
2,h1,True,2,2,7,1.5000000000320313e-05,2.0
2,h1,True,2,2,5,1.1458000000352797e-05,1.5615528128088303
2,h1,True,2,2,5,1.1458000000352797e-05,1.5615528128088303
2,h1,True,2,2,5,1.1457999999464619e-05,1.5615528128088303
2,h1,True,2,2,5,1.1332999999780213e-05,1.5615528128088303
2,h1,True,2,2,5,1.1416000000430415e-05,1.5615528128088303
2,h1,True,2,2,7,1.5332999999451147e-05,2.0
2,h1,True,2,2,7,1.5207999999766741e-05,2.0
2,h1,True,2,2,7,1.5125000000004718e-05,2.0
2,h1,True,2,2,5,1.125000000001819e-05,1.5615528128088303
2,h1,True,2,2,7,1.5125000000004718e-05,2.0
2,h1,True,2,2,5,1.1459000000435537e-05,1.5615528128088303
2,h1,True,2,2,5,1.1167000000256166e-05,1.5615528128088303
2,h1,True,2,2,5,1.1459000000435537e-05,1.5615528128088303
2,h1,True,2,2,7,1.5125000000004718e-05,2.0
2,h1,True,2,2,7,1.537499999937353e-05,2.0
2,h1,True,2,2,5,1.1459000000435537e-05,1.5615528128088303
2,h2,True,2,2,7,2.5707999999902142e-05,2.0
2,h2,True,2,2,7,2.641699999994529e-05,2.0
2,h2,True,2,2,5,1.9749999999874035e-05,1.5615528128088303
2,h2,True,2,2,7,0.00010079200000046029,2.0
2,h2,True,2,2,5,2.0249999999499835e-05,1.5615528128088303
2,h2,True,2,2,5,1.983299999963606e-05,1.5615528128088303
2,h2,True,2,2,5,2.0042000000053406e-05,1.5615528128088303
2,h2,True,2,2,7,2.6042000000003895e-05,2.0
2,h2,True,2,2,7,2.6125000000654097e-05,2.0
2,h2,True,2,2,5,1.9415999999772282e-05,1.5615528128088303
2,h2,True,2,2,7,2.612499999976592e-05,2.0
2,h2,True,2,2,5,1.9209000000408594e-05,1.5615528128088303
2,h2,True,2,2,7,2.595800000015913e-05,2.0
2,h2,True,2,2,5,1.9500000000505224e-05,1.5615528128088303
2,h2,True,2,2,7,2.6291000000178144e-05,2.0
2,h2,True,2,2,5,1.9750000000762213e-05,1.5615528128088303
2,h2,True,2,2,7,2.612499999976592e-05,2.0
2,h2,True,2,2,5,1.9040999999830888e-05,1.5615528128088303
2,h2,True,2,2,5,1.9083000000641448e-05,1.5615528128088303
2,h2,True,2,2,5,1.9040999999830888e-05,1.5615528128088303
2,h2,True,2,2,5,1.9540999999456687e-05,1.5615528128088303
2,h2,True,2,2,5,1.987500000044662e-05,1.5615528128088303
2,h2,True,2,2,7,2.720799999966772e-05,2.0
2,h2,True,2,2,5,1.9583000000267248e-05,1.5615528128088303
2,h2,True,2,2,5,1.937499999993264e-05,1.5615528128088303
2,h2,True,2,2,7,2.6582999999469337e-05,2.0
2,h2,True,2,2,7,2.650000000059549e-05,2.0
2,h2,True,2,2,5,1.9542000000427606e-05,1.5615528128088303
2,h2,True,2,2,7,2.6000000000081513e-05,2.0
2,h2,True,2,2,5,1.937499999993264e-05,1.5615528128088303
2,h2,True,2,2,5,1.9416999999855022e-05,1.5615528128088303
2,h2,True,2,2,7,2.620800000041612e-05,2.0
2,h2,True,2,2,7,2.7166000000633517e-05,2.0
2,h2,True,2,2,5,2.0082999999893048e-05,1.5615528128088303
2,h2,True,2,2,7,0.00010354199999973446,2.0
2,h2,True,2,2,7,2.7165999999745338e-05,2.0
2,h2,True,2,2,5,2.0292000000310395e-05,1.5615528128088303
2,h2,True,2,2,5,2.6541999999629695e-05,1.5615528128088303
2,h2,True,2,2,7,2.9957999999830065e-05,2.0
2,h2,True,2,2,5,2.0790999999853454e-05,1.5615528128088303
2,h2,True,2,2,7,3.2791999999837174e-05,2.0
2,h2,True,2,2,7,2.9000000000500847e-05,2.0
2,h2,True,2,2,7,3.0166999999359234e-05,2.0
2,h2,True,2,2,7,6.199999999978445e-05,2.0
2,h2,True,2,2,5,2.1292000000450173e-05,1.5615528128088303
2,h2,True,2,2,7,2.6416000000750728e-05,2.0
2,h2,True,2,2,5,2.0207999999577453e-05,1.5615528128088303
2,h2,True,2,2,5,1.9958000000208642e-05,1.5615528128088303
2,h2,True,2,2,5,1.9834000000606977e-05,1.5615528128088303
2,h2,True,2,2,5,2.0000000000131024e-05,1.5615528128088303
2,h2,True,2,2,7,2.666600000011954e-05,2.0
2,h2,True,2,2,7,2.958300000077685e-05,2.0
2,h2,True,2,2,7,2.7332999999352126e-05,2.0
2,h2,True,2,2,5,2.1083000000032825e-05,1.5615528128088303
2,h2,True,2,2,5,1.9207999999437675e-05,1.5615528128088303
2,h2,True,2,2,7,2.537499999988313e-05,2.0
2,h2,True,2,2,7,2.5833999999669288e-05,2.0
2,h2,True,2,2,7,2.537499999988313e-05,2.0
2,h2,True,2,2,7,2.4959000000102094e-05,2.0
2,h2,True,2,2,5,1.9041999999913628e-05,1.5615528128088303
2,h2,True,2,2,5,1.87909999995739e-05,1.5615528128088303
2,h2,True,2,2,5,1.8415999999632504e-05,1.5615528128088303
2,h2,True,2,2,5,1.8707999999811875e-05,1.5615528128088303
2,h2,True,2,2,7,2.4833000000334948e-05,2.0
2,h2,True,2,2,7,2.5707999999902142e-05,2.0
2,h2,True,2,2,7,2.4999999999941735e-05,2.0
2,h2,True,2,2,7,2.5250000000198725e-05,2.0
2,h2,True,2,2,5,1.8499999999477268e-05,1.5615528128088303
2,h2,True,2,2,7,2.4917000000179712e-05,2.0
2,h2,True,2,2,5,1.8458000000443064e-05,1.5615528128088303
2,h2,True,2,2,5,1.9041000000719066e-05,1.5615528128088303
2,h2,True,2,2,7,2.56670000000625e-05,2.0
2,h2,True,2,2,5,1.8666999999972234e-05,1.5615528128088303
2,h2,True,2,2,7,2.6000000000081513e-05,2.0
2,h2,True,2,2,5,1.9583000000267248e-05,1.5615528128088303
2,h2,True,2,2,5,1.9707999999951653e-05,1.5615528128088303
2,h2,True,2,2,5,1.9541000000344866e-05,1.5615528128088303
2,h2,True,2,2,7,2.670800000004192e-05,2.0
2,h2,True,2,2,5,1.9500000000505224e-05,1.5615528128088303
2,h2,True,2,2,5,1.8542000000287828e-05,1.5615528128088303
2,h2,True,2,2,7,2.5041999999864117e-05,2.0
2,h2,True,2,2,7,2.5209000000359083e-05,2.0
2,h2,True,2,2,7,2.512499999962614e-05,2.0
2,h2,True,2,2,7,2.4749999999684746e-05,2.0
2,h2,True,2,2,5,1.8542000000287828e-05,1.5615528128088303
2,h2,True,2,2,5,1.8458000000443064e-05,1.5615528128088303
2,h2,True,2,2,5,1.887500000030684e-05,1.5615528128088303
2,h2,True,2,2,5,1.862500000004985e-05,1.5615528128088303
2,h2,True,2,2,5,1.8665999999889493e-05,1.5615528128088303
2,h2,True,2,2,7,2.5457999999645153e-05,2.0
2,h2,True,2,2,7,2.491600000009697e-05,2.0
2,h2,True,2,2,7,2.4958000000019354e-05,2.0
2,h2,True,2,2,5,1.8750000000622435e-05,1.5615528128088303
2,h2,True,2,2,7,2.5791999999746906e-05,2.0
2,h2,True,2,2,5,1.862500000004985e-05,1.5615528128088303
2,h2,True,2,2,5,1.8374999999792863e-05,1.5615528128088303
2,h2,True,2,2,5,1.883399999957902e-05,1.5615528128088303
2,h2,True,2,2,7,2.5291000000038366e-05,2.0
2,h2,True,2,2,7,2.5500000000455714e-05,2.0
2,h2,True,2,2,5,1.887500000030684e-05,1.5615528128088303
2,h3,True,2,2,7,0.00010758299999924503,2.0
2,h3,True,2,2,7,0.0001014169999997705,2.0
2,h3,True,2,2,5,7.387500000000102e-05,1.5615528128088303
2,h3,True,2,2,7,0.00010070799999972735,2.0
2,h3,True,2,2,5,7.383299999919046e-05,1.5615528128088303
2,h3,True,2,2,5,7.412500000025801e-05,1.5615528128088303
2,h3,True,2,2,5,7.350000000005963e-05,1.5615528128088303
2,h3,True,2,2,7,0.00010074999999964973,2.0
2,h3,True,2,2,7,0.0001006250000008535,2.0
2,h3,True,2,2,5,7.316599999995788e-05,1.5615528128088303
2,h3,True,2,2,7,0.00010070799999972735,2.0
2,h3,True,2,2,5,7.370800000039424e-05,1.5615528128088303
2,h3,True,2,2,7,0.00010025000000002393,2.0
2,h3,True,2,2,5,7.350000000005963e-05,1.5615528128088303
2,h3,True,2,2,7,0.00010087500000022231,2.0
2,h3,True,2,2,5,7.337499999948704e-05,1.5615528128088303
2,h3,True,2,2,7,0.0001011250000004793,2.0
2,h3,True,2,2,5,7.291699999978363e-05,1.5615528128088303
2,h3,True,2,2,5,7.308300000019585e-05,1.5615528128088303
2,h3,True,2,2,5,7.3208999999963e-05,1.5615528128088303
2,h3,True,2,2,5,7.862500000044292e-05,1.5615528128088303
2,h3,True,2,2,5,7.341699999940943e-05,1.5615528128088303
2,h3,True,2,2,7,0.00010020799999921337,2.0
2,h3,True,2,2,5,7.39169999999234e-05,1.5615528128088303
2,h3,True,2,2,5,7.354199999998201e-05,1.5615528128088303
2,h3,True,2,2,7,0.00010058300000004294,2.0
2,h3,True,2,2,7,0.00010099999999990672,2.0
2,h3,True,2,2,5,7.337499999948704e-05,1.5615528128088303
2,h3,True,2,2,7,0.0001004170000005189,2.0
2,h3,True,2,2,5,7.358299999982165e-05,1.5615528128088303
2,h3,True,2,2,5,7.287499999986125e-05,1.5615528128088303
2,h3,True,2,2,7,0.00010050000000028092,2.0
2,h3,True,2,2,7,0.00010012500000033953,2.0
2,h3,True,2,2,5,7.275000000017684e-05,1.5615528128088303
2,h3,True,2,2,7,9.966599999966519e-05,2.0
2,h3,True,2,2,7,0.00010033299999978595,2.0
2,h3,True,2,2,5,7.337499999948704e-05,1.5615528128088303
2,h3,True,2,2,5,7.308300000019585e-05,1.5615528128088303
2,h3,True,2,2,7,0.00010020800000010155,2.0
2,h3,True,2,2,5,7.308299999930767e-05,1.5615528128088303
2,h3,True,2,2,7,9.987500000008254e-05,2.0
2,h3,True,2,2,7,0.00010033299999978595,2.0
2,h3,True,2,2,7,0.00010004199999968932,2.0
2,h3,True,2,2,7,0.00010029199999994631,2.0
2,h3,True,2,2,5,7.345899999933181e-05,1.5615528128088303
2,h3,True,2,2,7,0.0001009170000001447,2.0
2,h3,True,2,2,5,7.350000000005963e-05,1.5615528128088303
2,h3,True,2,2,5,7.266699999952664e-05,1.5615528128088303
2,h3,True,2,2,5,7.275000000017684e-05,1.5615528128088303
2,h3,True,2,2,5,7.316700000004062e-05,1.5615528128088303
2,h3,True,2,2,7,0.00010062499999996533,2.0
2,h3,True,2,2,7,9.995799999984456e-05,2.0
2,h3,True,2,2,7,9.999999999976694e-05,2.0
2,h3,True,2,2,5,7.312500000011823e-05,1.5615528128088303
2,h3,True,2,2,5,7.337500000037522e-05,1.5615528128088303
2,h3,True,2,2,7,0.00010004100000049476,2.0
2,h3,True,2,2,7,0.00010087500000022231,2.0
2,h3,True,2,2,7,0.00010587500000003303,2.0
2,h3,True,2,2,7,9.224999999979389e-05,2.0
2,h3,True,2,2,5,6.770800000044375e-05,1.5615528128088303
2,h3,True,2,2,5,6.766699999971593e-05,1.5615528128088303
2,h3,True,2,2,5,6.695800000056096e-05,1.5615528128088303
2,h3,True,2,2,5,6.733300000050235e-05,1.5615528128088303
2,h3,True,2,2,7,9.216700000003186e-05,2.0
2,h3,True,2,2,7,9.250000000005087e-05,2.0
2,h3,True,2,2,7,9.283300000006989e-05,2.0
2,h3,True,2,2,7,9.204100000026472e-05,2.0
2,h3,True,2,2,5,6.708300000024536e-05,1.5615528128088303
2,h3,True,2,2,7,9.216700000003186e-05,2.0
2,h3,True,2,2,5,6.733299999961417e-05,1.5615528128088303
2,h3,True,2,2,5,6.787500000005053e-05,1.5615528128088303
2,h3,True,2,2,7,9.233299999955591e-05,2.0
2,h3,True,2,2,5,7.916599999990837e-05,1.5615528128088303
2,h3,True,2,2,7,9.262500000062346e-05,2.0
2,h3,True,2,2,5,6.716600000000739e-05,1.5615528128088303
2,h3,True,2,2,5,6.712500000016774e-05,1.5615528128088303
2,h3,True,2,2,5,6.762499999979354e-05,1.5615528128088303
2,h3,True,2,2,7,9.216599999994912e-05,2.0
2,h3,True,2,2,5,6.791599999989018e-05,1.5615528128088303
2,h3,True,2,2,5,6.708300000024536e-05,1.5615528128088303
2,h3,True,2,2,7,9.191700000066305e-05,2.0
2,h3,True,2,2,7,9.233299999955591e-05,2.0
2,h3,True,2,2,7,9.233300000044409e-05,2.0
2,h3,True,2,2,7,9.25829999998129e-05,2.0
2,h3,True,2,2,5,6.733299999961417e-05,1.5615528128088303
2,h3,True,2,2,5,6.733299999961417e-05,1.5615528128088303
2,h3,True,2,2,5,6.783399999932271e-05,1.5615528128088303
2,h3,True,2,2,5,6.833299999975395e-05,1.5615528128088303
2,h3,True,2,2,5,6.754200000003152e-05,1.5615528128088303
2,h3,True,2,2,7,9.762499999954599e-05,2.0
2,h3,True,2,2,7,9.704200000015817e-05,2.0
2,h3,True,2,2,7,9.479199999962162e-05,2.0
2,h3,True,2,2,5,6.733399999969691e-05,1.5615528128088303
2,h3,True,2,2,7,9.245800000012849e-05,2.0
2,h3,True,2,2,5,6.783300000012815e-05,1.5615528128088303
2,h3,True,2,2,5,6.670800000030397e-05,1.5615528128088303
2,h3,True,2,2,5,6.799999999973494e-05,1.5615528128088303
2,h3,True,2,2,7,9.241600000020611e-05,2.0
2,h3,True,2,2,7,9.245800000012849e-05,2.0
2,h3,True,2,2,5,6.770799999955557e-05,1.5615528128088303
4,h1,True,4,5,12,3.254100000038562e-05,1.4490336568196809
4,h1,True,4,4,10,2.512499999962614e-05,1.3523950218323741
4,h1,True,4,4,10,2.5250000000198725e-05,1.3523950218323741
4,h1,True,4,4,8,2.120799999971723e-05,1.2369101206660766
4,h1,True,4,4,10,2.4791999999607128e-05,1.3523950218323741
4,h1,True,4,4,10,2.4959000000102094e-05,1.3523950218323741
4,h1,True,4,4,10,2.5208000000276343e-05,1.3523950218323741
4,h1,True,4,4,8,2.1375000000212196e-05,1.2369101206660766
4,h1,True,4,4,10,2.483400000041769e-05,1.3523950218323741
4,h1,True,4,4,10,2.487500000025733e-05,1.3523950218323741
4,h1,True,4,4,10,2.5041999999864117e-05,1.3523950218323741
4,h1,True,4,5,12,3.062499999995083e-05,1.4490336568196809
4,h1,True,4,4,10,2.4999999999941735e-05,1.3523950218323741
4,h1,True,4,4,10,2.512499999962614e-05,1.3523950218323741
4,h1,True,4,4,10,2.4666999999922723e-05,1.3523950218323741
4,h1,True,4,4,8,2.1375000000212196e-05,1.2369101206660766
4,h1,True,4,4,10,2.458300000007796e-05,1.3523950218323741
4,h1,True,4,4,10,2.45840000001607e-05,1.3523950218323741
4,h1,True,4,4,10,2.4542000000238318e-05,1.3523950218323741
4,h1,True,4,4,10,2.512499999962614e-05,1.3523950218323741
4,h1,True,4,4,10,2.4750000000572925e-05,1.3523950218323741
4,h1,True,4,4,8,2.09169999996206e-05,1.2369101206660766
4,h1,True,4,5,12,3.04170000005044e-05,1.4490336568196809
4,h1,True,4,4,8,2.1000000000270802e-05,1.2369101206660766
4,h1,True,4,4,10,2.458300000007796e-05,1.3523950218323741
4,h1,True,4,4,10,2.462500000000034e-05,1.3523950218323741
4,h1,True,4,4,10,2.462500000000034e-05,1.3523950218323741
4,h1,True,4,4,10,2.487500000025733e-05,1.3523950218323741
4,h1,True,4,4,10,2.462500000000034e-05,1.3523950218323741
4,h1,True,4,4,10,2.4999999999941735e-05,1.3523950218323741
4,h1,True,4,4,10,2.4791000000412566e-05,1.3523950218323741
4,h1,True,4,4,10,2.4874999999369152e-05,1.3523950218323741
4,h1,True,4,4,8,2.116599999979485e-05,1.2369101206660766
4,h1,True,4,4,10,2.4374999999743352e-05,1.3523950218323741
4,h1,True,4,4,10,2.4833000000334948e-05,1.3523950218323741
4,h1,True,4,4,10,2.487500000025733e-05,1.3523950218323741
4,h1,True,4,4,10,2.487500000025733e-05,1.3523950218323741
4,h1,True,4,4,10,2.4707999999762364e-05,1.3523950218323741
4,h1,True,4,4,8,2.120899999979997e-05,1.2369101206660766
4,h1,True,4,4,10,2.491600000009697e-05,1.3523950218323741
4,h1,True,4,4,10,2.4666999999922723e-05,1.3523950218323741
4,h1,True,4,4,10,2.4707999999762364e-05,1.3523950218323741
4,h1,True,4,5,12,3.0792000000445796e-05,1.4490336568196809
4,h1,True,4,4,8,2.145900000005696e-05,1.2369101206660766
4,h1,True,4,4,10,2.4124999999486363e-05,1.3523950218323741
4,h1,True,4,4,10,2.4249999999170768e-05,1.3523950218323741
4,h1,True,4,4,10,2.3915999999957194e-05,1.3523950218323741
4,h1,True,4,4,10,2.3999999999801958e-05,1.3523950218323741
4,h1,True,4,4,10,2.3957999999879576e-05,1.3523950218323741
4,h1,True,4,4,10,2.3875000000117552e-05,1.3523950218323741
4,h1,True,4,4,10,2.433299999982097e-05,1.3523950218323741
4,h1,True,4,4,10,2.374999999954497e-05,1.3523950218323741
4,h1,True,4,4,10,2.4250000000058947e-05,1.3523950218323741
4,h1,True,4,4,10,2.3999999999801958e-05,1.3523950218323741
4,h1,True,4,4,8,2.0249999999499835e-05,1.2369101206660766
4,h1,True,4,4,8,2.070900000017417e-05,1.2369101206660766
4,h1,True,4,4,8,2.0583000000407026e-05,1.2369101206660766
4,h1,True,4,4,10,2.408399999964672e-05,1.3523950218323741
4,h1,True,4,4,10,2.3999999999801958e-05,1.3523950218323741
4,h1,True,4,5,12,2.98340000002284e-05,1.4490336568196809
4,h1,True,4,5,12,2.9500000000126647e-05,1.4490336568196809
4,h1,True,4,4,10,2.4415999999582993e-05,1.3523950218323741
4,h1,True,4,4,10,2.3917000000039934e-05,1.3523950218323741
4,h1,True,4,4,8,2.0833999999858577e-05,1.2369101206660766
4,h1,True,4,4,10,2.3999999999801958e-05,1.3523950218323741
4,h1,True,4,4,10,2.4209000000219305e-05,1.3523950218323741
4,h1,True,4,4,8,2.04169999999948e-05,1.2369101206660766
4,h1,True,4,4,10,2.4209000000219305e-05,1.3523950218323741
4,h1,True,4,4,10,2.4042000000612518e-05,1.3523950218323741
4,h1,True,4,4,10,2.408399999964672e-05,1.3523950218323741
4,h1,True,4,4,10,2.40409999996416e-05,1.3523950218323741
4,h1,True,4,4,10,2.383300000019517e-05,1.3523950218323741
4,h1,True,4,4,10,2.404199999972434e-05,1.3523950218323741
4,h1,True,4,4,10,2.4166999999408745e-05,1.3523950218323741
4,h1,True,4,4,8,2.0292000000310395e-05,1.2369101206660766
4,h1,True,4,4,10,2.4042000000612518e-05,1.3523950218323741
4,h1,True,4,4,10,2.412500000037454e-05,1.3523950218323741
4,h1,True,4,4,10,2.4166000000214183e-05,1.3523950218323741
4,h1,True,4,4,10,3.483299999995637e-05,1.3523950218323741
4,h1,True,4,4,10,2.4208000000136565e-05,1.3523950218323741
4,h1,True,4,4,10,2.3999999999801958e-05,1.3523950218323741
4,h1,True,4,4,8,2.066699999936361e-05,1.2369101206660766
4,h1,True,4,4,10,2.4124999999486363e-05,1.3523950218323741
4,h1,True,4,4,8,2.0499999999756824e-05,1.2369101206660766
4,h1,True,4,4,10,2.3917000000039934e-05,1.3523950218323741
4,h1,True,4,4,8,2.0584000000489766e-05,1.2369101206660766
4,h1,True,4,4,8,2.0457999999834442e-05,1.2369101206660766
4,h1,True,4,5,12,3.004099999959209e-05,1.4490336568196809
4,h1,True,4,4,8,2.0292000000310395e-05,1.2369101206660766
4,h1,True,4,5,12,2.983299999925748e-05,1.4490336568196809
4,h1,True,4,5,12,3.012500000032503e-05,1.4490336568196809
4,h1,True,4,4,10,2.429199999998133e-05,1.3523950218323741
4,h1,True,4,4,8,2.0750000000013813e-05,1.2369101206660766
4,h1,True,4,4,8,2.066700000025179e-05,1.2369101206660766
4,h1,True,4,4,10,2.3957999999879576e-05,1.3523950218323741
4,h1,True,4,4,10,2.4416999999665734e-05,1.3523950218323741
4,h1,True,4,4,10,2.4208000000136565e-05,1.3523950218323741
4,h1,True,4,4,10,2.4209000000219305e-05,1.3523950218323741
4,h1,True,4,4,8,2.037499999918424e-05,1.2369101206660766
4,h1,True,4,4,10,2.408300000045216e-05,1.3523950218323741
4,h2,True,4,4,10,3.945899999990843e-05,1.3523950218323741
4,h2,True,4,4,10,3.879200000067584e-05,1.3523950218323741
4,h2,True,4,4,10,4.12920000005812e-05,1.3523950218323741
4,h2,True,4,4,8,3.291699999952158e-05,1.2369101206660766
4,h2,True,4,4,10,4.029100000035868e-05,1.3523950218323741
4,h2,True,4,4,10,4.000000000026205e-05,1.3523950218323741
4,h2,True,4,4,10,3.900000000012227e-05,1.3523950218323741
4,h2,True,4,4,8,3.2333000000051015e-05,1.2369101206660766
4,h2,True,4,4,10,3.874999999986528e-05,1.3523950218323741
4,h2,True,4,4,10,3.920800000045688e-05,1.3523950218323741
4,h2,True,4,4,10,3.9375000000063665e-05,1.3523950218323741
4,h2,True,4,4,10,3.916699999972906e-05,1.3523950218323741
4,h2,True,4,4,10,3.9375000000063665e-05,1.3523950218323741
4,h2,True,4,4,10,3.949999999974807e-05,1.3523950218323741
4,h2,True,4,4,10,3.849999999960829e-05,1.3523950218323741
4,h2,True,4,4,8,3.2791999999837174e-05,1.2369101206660766
4,h2,True,4,4,10,3.9416999999986047e-05,1.3523950218323741
4,h2,True,4,4,10,3.874999999986528e-05,1.3523950218323741
4,h2,True,4,4,10,3.866599999913234e-05,1.3523950218323741
4,h2,True,4,4,10,3.949999999974807e-05,1.3523950218323741
4,h2,True,4,4,10,3.9124999999806676e-05,1.3523950218323741
4,h2,True,4,4,8,3.241699999989578e-05,1.2369101206660766
4,h2,True,4,4,10,3.87079999999429e-05,1.3523950218323741
4,h2,True,4,4,8,3.275000000080297e-05,1.2369101206660766
4,h2,True,4,4,10,3.9125000000694854e-05,1.3523950218323741
4,h2,True,4,4,10,3.895900000028263e-05,1.3523950218323741
4,h2,True,4,4,10,3.87079999999429e-05,1.3523950218323741
4,h2,True,4,4,10,6.545899999998994e-05,1.3523950218323741
4,h2,True,4,4,10,3.874999999986528e-05,1.3523950218323741
4,h2,True,4,4,10,3.933300000014128e-05,1.3523950218323741
4,h2,True,4,4,10,3.9124999999806676e-05,1.3523950218323741
4,h2,True,4,4,10,3.904200000004465e-05,1.3523950218323741
4,h2,True,4,4,8,3.216599999955605e-05,1.2369101206660766
4,h2,True,4,4,10,3.866600000002052e-05,1.3523950218323741
4,h2,True,4,4,10,3.9416999999986047e-05,1.3523950218323741
4,h2,True,4,4,10,3.8875000000437865e-05,1.3523950218323741
4,h2,True,4,4,10,3.9124999999806676e-05,1.3523950218323741
4,h2,True,4,4,10,3.895900000028263e-05,1.3523950218323741
4,h2,True,4,4,8,3.23749999999734e-05,1.2369101206660766
4,h2,True,4,4,10,3.954199999967045e-05,1.3523950218323741
4,h2,True,4,4,10,3.8833999999710045e-05,1.3523950218323741
4,h2,True,4,4,10,3.8833999999710045e-05,1.3523950218323741
4,h2,True,4,4,10,3.916699999972906e-05,1.3523950218323741
4,h2,True,4,4,8,3.304100000001142e-05,1.2369101206660766
4,h2,True,4,4,10,3.929199999941346e-05,1.3523950218323741
4,h2,True,4,4,10,3.933300000014128e-05,1.3523950218323741
4,h2,True,4,4,10,3.900000000012227e-05,1.3523950218323741
4,h2,True,4,4,10,3.8625000000180876e-05,1.3523950218323741
4,h2,True,4,4,10,3.9166000000534495e-05,1.3523950218323741
4,h2,True,4,4,10,3.845799999968591e-05,1.3523950218323741
4,h2,True,4,4,10,4.1500000000027626e-05,1.3523950218323741
4,h2,True,4,4,10,3.900000000012227e-05,1.3523950218323741
4,h2,True,4,4,10,3.949999999974807e-05,1.3523950218323741
4,h2,True,4,4,10,3.8875000000437865e-05,1.3523950218323741
4,h2,True,4,4,8,3.270799999999241e-05,1.2369101206660766
4,h2,True,4,4,8,3.291700000040976e-05,1.2369101206660766
4,h2,True,4,4,8,3.2625000000230386e-05,1.2369101206660766
4,h2,True,4,4,10,3.979199999992744e-05,1.3523950218323741
4,h2,True,4,4,10,3.9083999999967034e-05,1.3523950218323741
4,h2,True,4,4,10,3.883400000059822e-05,1.3523950218323741
4,h2,True,4,4,10,3.8875000000437865e-05,1.3523950218323741
4,h2,True,4,4,10,3.933400000022402e-05,1.3523950218323741
4,h2,True,4,4,10,3.9082999999884294e-05,1.3523950218323741
4,h2,True,4,4,8,3.2582999999419826e-05,1.2369101206660766
4,h2,True,4,4,10,3.875000000075346e-05,1.3523950218323741
4,h2,True,4,4,10,3.904200000004465e-05,1.3523950218323741
4,h2,True,4,4,8,3.2583000000308004e-05,1.2369101206660766
4,h2,True,4,4,10,3.891699999947207e-05,1.3523950218323741
4,h2,True,4,4,10,3.916599999964632e-05,1.3523950218323741
4,h2,True,4,4,10,3.954199999967045e-05,1.3523950218323741
4,h2,True,4,4,10,6.312500000049681e-05,1.3523950218323741
4,h2,True,4,4,10,3.874999999986528e-05,1.3523950218323741
4,h2,True,4,4,10,3.874999999986528e-05,1.3523950218323741
4,h2,True,4,4,10,3.87079999999429e-05,1.3523950218323741
4,h2,True,4,4,8,3.2582999999419826e-05,1.2369101206660766
4,h2,True,4,4,10,3.9667000000243036e-05,1.3523950218323741
4,h2,True,4,4,10,3.916599999964632e-05,1.3523950218323741
4,h2,True,4,4,10,3.970800000008268e-05,1.3523950218323741
4,h2,True,4,4,10,3.933400000022402e-05,1.3523950218323741
4,h2,True,4,4,10,3.9375000000063665e-05,1.3523950218323741
4,h2,True,4,4,10,3.900000000012227e-05,1.3523950218323741
4,h2,True,4,4,8,3.262499999934221e-05,1.2369101206660766
4,h2,True,4,4,10,3.8832999999627305e-05,1.3523950218323741
4,h2,True,4,4,8,3.28749999995992e-05,1.2369101206660766
4,h2,True,4,4,10,3.916699999972906e-05,1.3523950218323741
4,h2,True,4,4,8,3.254200000046836e-05,1.2369101206660766
4,h2,True,4,4,8,3.245799999973542e-05,1.2369101206660766
4,h2,True,4,4,10,3.920800000045688e-05,1.3523950218323741
4,h2,True,4,4,8,3.220800000036661e-05,1.2369101206660766
4,h2,True,4,4,10,4.1792000000207e-05,1.3523950218323741
4,h2,True,4,4,10,3.9124999999806676e-05,1.3523950218323741
4,h2,True,4,4,10,3.904200000004465e-05,1.3523950218323741
4,h2,True,4,4,8,3.274999999991479e-05,1.2369101206660766
4,h2,True,4,4,8,3.291600000032702e-05,1.2369101206660766
4,h2,True,4,4,10,3.924999999949108e-05,1.3523950218323741
4,h2,True,4,4,10,3.925000000037926e-05,1.3523950218323741
4,h2,True,4,4,10,3.904200000004465e-05,1.3523950218323741
4,h2,True,4,4,10,3.900000000012227e-05,1.3523950218323741
4,h2,True,4,4,8,3.2249999999400814e-05,1.2369101206660766
4,h2,True,4,4,10,3.8916000000277506e-05,1.3523950218323741
4,h3,True,4,4,10,0.00013395799999926794,1.3523950218323741
4,h3,True,4,4,10,0.00013299999999993872,1.3523950218323741
4,h3,True,4,4,10,0.0001337499999998215,1.3523950218323741
4,h3,True,4,4,8,0.00010945799999984018,1.2369101206660766
4,h3,True,4,4,10,0.0001346249999993887,1.3523950218323741
4,h3,True,4,4,10,0.00013616699999996484,1.3523950218323741
4,h3,True,4,4,10,0.0001336250000001371,1.3523950218323741
4,h3,True,4,4,8,0.00010949999999976257,1.2369101206660766
4,h3,True,4,4,10,0.0001338750000003941,1.3523950218323741
4,h3,True,4,4,10,0.00013387499999950592,1.3523950218323741
4,h3,True,4,4,10,0.0001324589999995851,1.3523950218323741
4,h3,True,4,4,10,0.00013549999999984408,1.3523950218323741
4,h3,True,4,4,10,0.00013337499999988012,1.3523950218323741
4,h3,True,4,4,10,0.00013287500000025432,1.3523950218323741
4,h3,True,4,4,10,0.00013229199999997832,1.3523950218323741
4,h3,True,4,4,8,0.00011016699999988333,1.2369101206660766
4,h3,True,4,4,10,0.00013304200000074928,1.3523950218323741
4,h3,True,4,4,10,0.0001325840000001577,1.3523950218323741
4,h3,True,4,4,10,0.0001337499999998215,1.3523950218323741
4,h3,True,4,4,10,0.0001330839999997835,1.3523950218323741
4,h3,True,4,4,10,0.0001336670000000595,1.3523950218323741
4,h3,True,4,4,8,0.00010895800000021438,1.2369101206660766
4,h3,True,4,4,10,0.0001330000000008269,1.3523950218323741
4,h3,True,4,4,8,0.00010995799999946598,1.2369101206660766
4,h3,True,4,4,10,0.00013566699999945087,1.3523950218323741
4,h3,True,4,4,10,0.00013391700000031648,1.3523950218323741
4,h3,True,4,4,10,0.00013333299999995774,1.3523950218323741
4,h3,True,4,4,10,0.0001334169999998025,1.3523950218323741
4,h3,True,4,4,10,0.00013366599999997675,1.3523950218323741
4,h3,True,4,4,10,0.0001332920000001181,1.3523950218323741
4,h3,True,4,4,10,0.00013395800000015612,1.3523950218323741
4,h3,True,4,4,10,0.00013237499999974034,1.3523950218323741
4,h3,True,4,4,8,0.00010904099999997641,1.2369101206660766
4,h3,True,4,4,10,0.00013408399999992326,1.3523950218323741
4,h3,True,4,4,10,0.00013329100000003535,1.3523950218323741
4,h3,True,4,4,10,0.00013354200000037508,1.3523950218323741
4,h3,True,4,4,10,0.0001330839999997835,1.3523950218323741
4,h3,True,4,4,10,0.00013870899999979258,1.3523950218323741
4,h3,True,4,4,8,0.00010937500000007816,1.2369101206660766
4,h3,True,4,4,10,0.0001338750000003941,1.3523950218323741
4,h3,True,4,4,10,0.00013420799999952493,1.3523950218323741
4,h3,True,4,4,10,0.00013358300000021472,1.3523950218323741
4,h3,True,4,4,10,0.00013225000000005593,1.3523950218323741
4,h3,True,4,4,8,0.00010933300000015578,1.2369101206660766
4,h3,True,4,4,10,0.00013366599999997675,1.3523950218323741
4,h3,True,4,4,10,0.00013199999999979894,1.3523950218323741
4,h3,True,4,4,10,0.00013191700000003692,1.3523950218323741
4,h3,True,4,4,10,0.00013279099999952138,1.3523950218323741
4,h3,True,4,4,10,0.0001325420000002353,1.3523950218323741
4,h3,True,4,4,10,0.0001347499999999613,1.3523950218323741
4,h3,True,4,4,10,0.00013749999999923546,1.3523950218323741
4,h3,True,4,4,10,0.00013199999999979894,1.3523950218323741
4,h3,True,4,4,10,0.0001321670000002939,1.3523950218323741
4,h3,True,4,4,10,0.00013191700000003692,1.3523950218323741
4,h3,True,4,4,8,0.00010845899999978315,1.2369101206660766
4,h3,True,4,4,8,0.00011675000000010982,1.2369101206660766
4,h3,True,4,4,8,0.00012191699999952732,1.2369101206660766
4,h3,True,4,4,10,0.00013462500000027688,1.3523950218323741
4,h3,True,4,4,10,0.00013345899999972488,1.3523950218323741
4,h3,True,4,4,10,0.00013358299999932655,1.3523950218323741
4,h3,True,4,4,10,0.00013187500000011454,1.3523950218323741
4,h3,True,4,4,10,0.00013174999999954196,1.3523950218323741
4,h3,True,4,4,10,0.00013320900000035607,1.3523950218323741
4,h3,True,4,4,8,0.00010866600000003501,1.2369101206660766
4,h3,True,4,4,10,0.0001330419999998611,1.3523950218323741
4,h3,True,4,4,10,0.00013724999999986665,1.3523950218323741
4,h3,True,4,4,8,0.00011574999999997004,1.2369101206660766
4,h3,True,4,4,10,0.00013287500000025432,1.3523950218323741
4,h3,True,4,4,10,0.00013479199999988367,1.3523950218323741
4,h3,True,4,4,10,0.00013145799999936258,1.3523950218323741
4,h3,True,4,4,10,0.00013341599999971976,1.3523950218323741
4,h3,True,4,4,10,0.00013262499999999733,1.3523950218323741
4,h3,True,4,4,10,0.0001399580000001066,1.3523950218323741
4,h3,True,4,4,10,0.00013416599999960255,1.3523950218323741
4,h3,True,4,4,8,0.0001092079999995832,1.2369101206660766
4,h3,True,4,4,10,0.0001323339999999007,1.3523950218323741
4,h3,True,4,4,10,0.0001341249999997629,1.3523950218323741
4,h3,True,4,4,10,0.00013445799999978192,1.3523950218323741
4,h3,True,4,4,10,0.00013633399999957163,1.3523950218323741
4,h3,True,4,4,10,0.0001347499999999613,1.3523950218323741
4,h3,True,4,4,10,0.00013287500000025432,1.3523950218323741
4,h3,True,4,4,8,0.00011533300000010627,1.2369101206660766
4,h3,True,4,4,10,0.00013512499999990268,1.3523950218323741
4,h3,True,4,4,8,0.00010837499999993838,1.2369101206660766
4,h3,True,4,4,10,0.00013150000000017315,1.3523950218323741
4,h3,True,4,4,8,0.00010858399999946755,1.2369101206660766
4,h3,True,4,4,8,0.00010854100000035061,1.2369101206660766
4,h3,True,4,4,10,0.0001318340000002749,1.3523950218323741
4,h3,True,4,4,8,0.00011070799999934877,1.2369101206660766
4,h3,True,4,4,10,0.00013150000000017315,1.3523950218323741
4,h3,True,4,4,10,0.00013116700000015413,1.3523950218323741
4,h3,True,4,4,10,0.00013249999999942474,1.3523950218323741
4,h3,True,4,4,8,0.00010958299999952459,1.2369101206660766
4,h3,True,4,4,8,0.00010837499999993838,1.2369101206660766
4,h3,True,4,4,10,0.00013320799999938515,1.3523950218323741
4,h3,True,4,4,10,0.00013099999999965917,1.3523950218323741
4,h3,True,4,4,10,0.00013287500000025432,1.3523950218323741
4,h3,True,4,4,10,0.00013187499999922636,1.3523950218323741
4,h3,True,4,4,8,0.0001077080000007058,1.2369101206660766
4,h3,True,4,4,10,0.0001331250000005113,1.3523950218323741
6,h1,True,6,6,13,3.449999999993736e-05,1.2020992758908227
6,h1,True,6,6,13,3.395800000038918e-05,1.2020992758908227
6,h1,True,6,6,13,3.375000000005457e-05,1.2020992758908227
6,h1,True,6,6,13,3.408400000015632e-05,1.2020992758908227
6,h1,True,6,11,22,6.112500000021726e-05,1.37332063134465
6,h1,True,6,6,13,3.454200000074792e-05,1.2020992758908227
6,h1,True,6,9,20,5.2207999999609456e-05,1.3420418608185742
6,h1,True,6,6,13,3.329200000035115e-05,1.2020992758908227
6,h1,True,6,6,11,3.0291999999931818e-05,1.1480387088328214
6,h1,True,6,7,15,3.9625000000320654e-05,1.2484164628282914
6,h1,True,6,6,13,3.333300000019079e-05,1.2020992758908227
6,h1,True,6,6,13,3.429199999960275e-05,1.2020992758908227
6,h1,True,6,9,20,5.266600000020105e-05,1.3420418608185742
6,h1,True,6,6,13,3.3582999999559604e-05,1.2020992758908227
6,h1,True,6,11,23,6.250000000029843e-05,1.3879666241303874
6,h1,True,6,11,22,6.22090000002018e-05,1.37332063134465
6,h1,True,6,9,21,5.4249999999811394e-05,1.3580336025015782
6,h1,True,6,9,20,5.183299999966806e-05,1.3420418608185742
6,h1,True,6,11,22,6.012500000007748e-05,1.37332063134465
6,h1,True,6,6,13,3.3666000000209806e-05,1.2020992758908227
6,h1,True,6,7,15,3.954100000047589e-05,1.2484164628282914
6,h1,True,6,6,13,3.333300000019079e-05,1.2020992758908227
6,h1,True,6,9,21,5.4083000000204606e-05,1.3580336025015782
6,h1,True,6,6,11,2.9792000000306018e-05,1.1480387088328214
6,h1,True,6,6,13,3.404200000023394e-05,1.2020992758908227
6,h1,True,6,6,13,3.350000000068576e-05,1.2020992758908227
6,h1,True,6,6,13,3.375000000005457e-05,1.2020992758908227
6,h1,True,6,10,22,5.854099999957896e-05,1.37332063134465
6,h1,True,6,6,13,3.391699999966136e-05,1.2020992758908227
6,h1,True,6,9,19,5.041699999974725e-05,1.3252715186919977
6,h1,True,6,6,11,2.9915999999907683e-05,1.1480387088328214
6,h1,True,6,11,23,6.225000000004144e-05,1.3879666241303874
6,h1,True,6,7,15,3.904099999996191e-05,1.2484164628282914
6,h1,True,6,10,22,6.075000000027586e-05,1.37332063134465
6,h1,True,6,6,13,3.4417000000175335e-05,1.2020992758908227
6,h1,True,6,6,13,3.349999999979758e-05,1.2020992758908227
6,h1,True,6,6,13,3.354200000060814e-05,1.2020992758908227
6,h1,True,6,6,13,3.379199999997695e-05,1.2020992758908227
6,h1,True,6,9,20,5.258300000043903e-05,1.3420418608185742
6,h1,True,6,7,15,3.945799999982569e-05,1.2484164628282914
6,h1,True,6,9,20,5.18339999997508e-05,1.3420418608185742
6,h1,True,6,9,19,5.045800000047507e-05,1.3252715186919977
6,h1,True,6,12,25,6.766699999971593e-05,1.4155496323437444
6,h1,True,6,15,30,8.345800000064685e-05,1.4764298513236995
6,h1,True,6,9,20,5.183300000055624e-05,1.3420418608185742
6,h1,True,6,15,30,8.237499999985687e-05,1.4764298513236995
6,h1,True,6,6,11,3.0749999999635236e-05,1.1480387088328214
6,h1,True,6,9,20,5.1917000000401003e-05,1.3420418608185742
6,h1,True,6,12,25,6.729099999969179e-05,1.4155496323437444
6,h1,True,6,6,11,3.0250000000009436e-05,1.1480387088328214
6,h1,True,6,6,11,3.0290999999849078e-05,1.1480387088328214
6,h1,True,6,9,20,5.183300000055624e-05,1.3420418608185742
6,h1,True,6,6,13,3.325000000042877e-05,1.2020992758908227
6,h1,True,6,11,23,6.191700000002243e-05,1.3879666241303874
6,h1,True,6,6,11,2.9957999999830065e-05,1.1480387088328214
6,h1,True,6,6,11,3.0124999999436852e-05,1.1480387088328214
6,h1,True,6,7,15,3.949999999974807e-05,1.2484164628282914
6,h1,True,6,11,23,6.141700000039663e-05,1.3879666241303874
6,h1,True,6,6,13,3.400000000031156e-05,1.2020992758908227
6,h1,True,6,9,21,5.387499999987e-05,1.3580336025015782
6,h1,True,6,6,13,3.379099999989421e-05,1.2020992758908227
6,h1,True,6,6,11,2.9915999999907683e-05,1.1480387088328214
6,h1,True,6,15,30,8.258300000019148e-05,1.4764298513236995
6,h1,True,6,9,19,5.025000000014046e-05,1.3252715186919977
6,h1,True,6,9,19,4.995799999996109e-05,1.3252715186919977
6,h1,True,6,6,13,3.420899999984073e-05,1.2020992758908227
6,h1,True,6,6,11,3.0250000000009436e-05,1.1480387088328214
6,h1,True,6,11,23,6.133300000055186e-05,1.3879666241303874
6,h1,True,6,7,15,3.9625000000320654e-05,1.2484164628282914
6,h1,True,6,6,11,2.9791000000223278e-05,1.1480387088328214
6,h1,True,6,12,25,6.754099999994878e-05,1.4155496323437444
6,h1,True,6,6,13,3.366699999940437e-05,1.2020992758908227
6,h1,True,6,6,13,3.400000000031156e-05,1.2020992758908227
6,h1,True,6,9,20,5.1707999999983656e-05,1.3420418608185742
6,h1,True,6,6,13,3.354200000060814e-05,1.2020992758908227
6,h1,True,6,6,13,3.358400000053052e-05,1.2020992758908227
6,h1,True,6,6,13,3.375000000005457e-05,1.2020992758908227
6,h1,True,6,11,23,6.204099999962409e-05,1.3879666241303874
6,h1,True,6,12,25,6.729099999969179e-05,1.4155496323437444
6,h1,True,6,11,23,6.166699999976544e-05,1.3879666241303874
6,h1,True,6,6,13,3.3874999999738975e-05,1.2020992758908227
6,h1,True,6,6,13,3.341700000003556e-05,1.2020992758908227
6,h1,True,6,6,13,3.34579999998752e-05,1.2020992758908227
6,h1,True,6,9,21,5.387499999987e-05,1.3580336025015782
6,h1,True,6,9,20,5.162500000022163e-05,1.3420418608185742
6,h1,True,6,7,15,3.9583999999592834e-05,1.2484164628282914
6,h1,True,6,15,30,8.229200000009484e-05,1.4764298513236995
6,h1,True,6,7,15,3.925000000037926e-05,1.2484164628282914
6,h1,True,6,10,22,5.762500000017212e-05,1.37332063134465
6,h1,True,6,6,13,3.400000000031156e-05,1.2020992758908227
6,h1,True,6,6,13,3.3917000000549535e-05,1.2020992758908227
6,h1,True,6,6,13,3.366599999932163e-05,1.2020992758908227
6,h1,True,6,7,15,3.9332999999253104e-05,1.2484164628282914
6,h1,True,6,6,13,3.3582999999559604e-05,1.2020992758908227
6,h1,True,6,6,13,3.3874999999738975e-05,1.2020992758908227
6,h1,True,6,9,20,5.22920000003424e-05,1.3420418608185742
6,h1,True,6,7,15,3.904099999996191e-05,1.2484164628282914
6,h1,True,6,6,13,3.3624999999481986e-05,1.2020992758908227
6,h1,True,6,6,13,3.4124999999995964e-05,1.2020992758908227
6,h1,True,6,6,13,3.391699999966136e-05,1.2020992758908227
6,h2,True,6,6,13,5.6666999999954726e-05,1.2020992758908227
6,h2,True,6,6,13,5.329099999951126e-05,1.2020992758908227
6,h2,True,6,6,13,5.341599999919566e-05,1.2020992758908227
6,h2,True,6,6,13,5.366600000034083e-05,1.2020992758908227
6,h2,True,6,7,15,6.141600000031389e-05,1.2484164628282914
6,h2,True,6,6,13,5.370800000026321e-05,1.2020992758908227
6,h2,True,6,6,13,5.316699999990959e-05,1.2020992758908227
6,h2,True,6,6,13,5.3207999999749234e-05,1.2020992758908227
6,h2,True,6,6,11,4.6750000000095326e-05,1.1480387088328214
6,h2,True,6,6,13,5.3750000000185594e-05,1.2020992758908227
6,h2,True,6,6,13,5.337499999935602e-05,1.2020992758908227
6,h2,True,6,6,13,5.312499999998721e-05,1.2020992758908227
6,h2,True,6,6,13,5.291599999956986e-05,1.2020992758908227
6,h2,True,6,6,13,5.3750000000185594e-05,1.2020992758908227
6,h2,True,6,7,16,6.54579999999072e-05,1.2693427210574875
6,h2,True,6,7,15,6.208400000051739e-05,1.2484164628282914
6,h2,True,6,7,15,6.212500000035703e-05,1.2484164628282914
6,h2,True,6,8,18,7.362499999974403e-05,1.3076361489881045
6,h2,True,6,7,15,6.179200000033802e-05,1.2484164628282914
6,h2,True,6,6,13,5.312499999998721e-05,1.2020992758908227
6,h2,True,6,6,13,5.2709000000206174e-05,1.2020992758908227
6,h2,True,6,6,13,5.262500000036141e-05,1.2020992758908227
6,h2,True,6,7,15,6.145800000023627e-05,1.2484164628282914
6,h2,True,6,6,11,4.708300000011434e-05,1.1480387088328214
6,h2,True,6,6,13,5.91249999999377e-05,1.2020992758908227
6,h2,True,6,6,13,5.3583000000578807e-05,1.2020992758908227
6,h2,True,6,6,13,5.312499999998721e-05,1.2020992758908227
6,h2,True,6,8,18,8.274999999979826e-05,1.3076361489881045
6,h2,True,6,6,13,5.412500000012699e-05,1.2020992758908227
6,h2,True,6,7,14,5.870800000007392e-05,1.2260759408059831
6,h2,True,6,6,11,4.66670000003333e-05,1.1480387088328214
6,h2,True,6,7,16,6.829199999991431e-05,1.2693427210574875
6,h2,True,6,6,13,5.333399999951638e-05,1.2020992758908227
6,h2,True,6,8,18,7.674999999984777e-05,1.3076361489881045
6,h2,True,6,6,13,5.33750000002442e-05,1.2020992758908227
6,h2,True,6,6,13,5.304199999933701e-05,1.2020992758908227
6,h2,True,6,6,13,5.2709000000206174e-05,1.2020992758908227
6,h2,True,6,6,13,5.312499999998721e-05,1.2020992758908227
6,h2,True,6,8,18,7.399999999968543e-05,1.3076361489881045
6,h2,True,6,6,13,5.33750000002442e-05,1.2020992758908227
6,h2,True,6,6,13,5.262500000036141e-05,1.2020992758908227
6,h2,True,6,7,14,5.80420000000359e-05,1.2260759408059831
6,h2,True,6,8,18,7.374999999942844e-05,1.3076361489881045
6,h2,True,6,11,24,0.00010054100000012056,1.4020268573669723
6,h2,True,6,6,13,5.262500000036141e-05,1.2020992758908227
6,h2,True,6,11,24,9.966600000055337e-05,1.4020268573669723
6,h2,True,6,6,11,4.6916999999702114e-05,1.1480387088328214
6,h2,True,6,8,18,7.345900000021999e-05,1.3076361489881045
6,h2,True,6,8,18,7.379100000015626e-05,1.3076361489881045
6,h2,True,6,6,11,4.620899999974171e-05,1.1480387088328214
6,h2,True,6,6,11,4.6709000000255685e-05,1.1480387088328214
6,h2,True,6,8,18,7.38339999992732e-05,1.3076361489881045
6,h2,True,6,6,13,5.3208999999831974e-05,1.2020992758908227
6,h2,True,6,7,16,6.525000000046077e-05,1.2693427210574875
6,h2,True,6,6,11,4.720800000068692e-05,1.1480387088328214
6,h2,True,6,6,11,4.637500000015393e-05,1.1480387088328214
6,h2,True,6,6,13,5.3707999999375033e-05,1.2020992758908227
6,h2,True,6,7,16,6.479099999978644e-05,1.2693427210574875
6,h2,True,6,6,13,5.266700000028379e-05,1.2020992758908227
6,h2,True,6,7,15,6.18340000002604e-05,1.2484164628282914
6,h2,True,6,6,13,5.545900000036852e-05,1.2020992758908227
6,h2,True,6,6,11,4.6709000000255685e-05,1.1480387088328214
6,h2,True,6,11,24,0.0001015000000004207,1.4020268573669723
6,h2,True,6,7,14,5.862499999942372e-05,1.2260759408059831
6,h2,True,6,7,14,5.8166999999720304e-05,1.2260759408059831
6,h2,True,6,6,13,5.3292000000482176e-05,1.2020992758908227
6,h2,True,6,6,11,4.662500000041092e-05,1.1480387088328214
6,h2,True,6,7,16,6.787500000005053e-05,1.2693427210574875
6,h2,True,6,6,13,6.733400000058509e-05,1.2020992758908227
6,h2,True,6,6,11,4.6750000000095326e-05,1.1480387088328214
6,h2,True,6,8,18,8.274999999979826e-05,1.3076361489881045
6,h2,True,6,6,13,5.312499999998721e-05,1.2020992758908227
6,h2,True,6,6,13,5.358299999969063e-05,1.2020992758908227
6,h2,True,6,8,18,7.3792000000239e-05,1.3076361489881045
6,h2,True,6,6,13,5.291700000054078e-05,1.2020992758908227
6,h2,True,6,6,13,5.345900000008896e-05,1.2020992758908227
6,h2,True,6,6,13,5.2500000000677005e-05,1.2020992758908227
6,h2,True,6,7,16,6.508400000004855e-05,1.2693427210574875
6,h2,True,6,8,18,7.662500000016337e-05,1.3076361489881045
6,h2,True,6,7,16,6.529200000038315e-05,1.2693427210574875
6,h2,True,6,6,13,5.312499999998721e-05,1.2020992758908227
6,h2,True,6,6,13,5.28750000006184e-05,1.2020992758908227
6,h2,True,6,6,13,5.312499999998721e-05,1.2020992758908227
6,h2,True,6,7,15,6.141600000031389e-05,1.2484164628282914
6,h2,True,6,6,13,5.2957999999492245e-05,1.2020992758908227
6,h2,True,6,6,13,5.308299999917665e-05,1.2020992758908227
6,h2,True,6,11,24,0.00010029199999994631,1.4020268573669723
6,h2,True,6,6,13,5.283299999980784e-05,1.2020992758908227
6,h2,True,6,8,18,7.383400000016138e-05,1.3076361489881045
6,h2,True,6,6,13,5.33750000002442e-05,1.2020992758908227
6,h2,True,6,6,13,5.316700000079777e-05,1.2020992758908227
6,h2,True,6,6,13,5.362499999961301e-05,1.2020992758908227
6,h2,True,6,6,13,5.291700000054078e-05,1.2020992758908227
6,h2,True,6,6,13,5.283299999980784e-05,1.2020992758908227
6,h2,True,6,6,13,5.33750000002442e-05,1.2020992758908227
6,h2,True,6,8,18,7.374999999942844e-05,1.3076361489881045
6,h2,True,6,6,13,5.287499999973022e-05,1.2020992758908227
6,h2,True,6,6,13,5.316599999982685e-05,1.2020992758908227
6,h2,True,6,6,13,5.3542000000739165e-05,1.2020992758908227
6,h2,True,6,6,13,5.33750000002442e-05,1.2020992758908227
6,h3,True,6,6,13,0.00017449999999996635,1.2020992758908227
6,h3,True,6,6,13,0.00017354199999974895,1.2020992758908227
6,h3,True,6,6,13,0.00017437500000028194,1.2020992758908227
6,h3,True,6,6,13,0.00017233300000008,1.2020992758908227
6,h3,True,6,7,15,0.00020024999999979087,1.2484164628282914
6,h3,True,6,6,13,0.00017279199999986616,1.2020992758908227
6,h3,True,6,6,13,0.0001698340000002574,1.2020992758908227
6,h3,True,6,6,13,0.00017108299999968324,1.2020992758908227
6,h3,True,6,6,11,0.00014924999999976762,1.1480387088328214
6,h3,True,6,6,13,0.00017099999999992122,1.2020992758908227
6,h3,True,6,6,13,0.00017366700000032154,1.2020992758908227
6,h3,True,6,6,13,0.00017300000000020077,1.2020992758908227
6,h3,True,6,6,13,0.00016937500000047123,1.2020992758908227
6,h3,True,6,6,13,0.00017233300000008,1.2020992758908227
6,h3,True,6,7,16,0.00021262500000052142,1.2693427210574875
6,h3,True,6,7,15,0.00020137499999961506,1.2484164628282914
6,h3,True,6,7,15,0.0002061659999998966,1.2484164628282914
6,h3,True,6,8,18,0.00023924999999991314,1.3076361489881045
6,h3,True,6,7,15,0.00019745800000059432,1.2484164628282914
6,h3,True,6,6,13,0.00017708299999963373,1.2020992758908227
6,h3,True,6,6,13,0.00017062499999997982,1.2020992758908227
6,h3,True,6,6,13,0.00017312499999988518,1.2020992758908227
6,h3,True,6,7,15,0.00019854099999960795,1.2484164628282914
6,h3,True,6,6,11,0.00014887499999982623,1.1480387088328214
6,h3,True,6,6,13,0.00017420799999978698,1.2020992758908227
6,h3,True,6,6,13,0.00017229200000024036,1.2020992758908227
6,h3,True,6,6,13,0.00017329199999949196,1.2020992758908227
6,h3,True,6,8,18,0.00023929199999983553,1.3076361489881045
6,h3,True,6,6,13,0.00017716600000028393,1.2020992758908227
6,h3,True,6,7,14,0.0001856659999992516,1.2260759408059831
6,h3,True,6,6,11,0.00014937499999945203,1.1480387088328214
6,h3,True,6,7,16,0.00021049999999966928,1.2693427210574875
6,h3,True,6,6,13,0.0001716250000001196,1.2020992758908227
6,h3,True,6,8,18,0.000236000000000125,1.3076361489881045
6,h3,True,6,6,13,0.00017220799999950742,1.2020992758908227
6,h3,True,6,6,13,0.0001735829999995886,1.2020992758908227
6,h3,True,6,6,13,0.0001730829999999628,1.2020992758908227
6,h3,True,6,6,13,0.00017845800000060308,1.2020992758908227
6,h3,True,6,8,18,0.00023908399999950092,1.3076361489881045
6,h3,True,6,6,13,0.00017133400000002297,1.2020992758908227
6,h3,True,6,6,13,0.00016958299999991766,1.2020992758908227
6,h3,True,6,7,14,0.00018591600000039676,1.2260759408059831
6,h3,True,6,8,18,0.00023474999999972823,1.3076361489881045
6,h3,True,6,11,24,0.0003144170000002333,1.4020268573669723
6,h3,True,6,6,13,0.00017170899999996436,1.2020992758908227
6,h3,True,6,11,24,0.0003175419999994489,1.4020268573669723
6,h3,True,6,6,11,0.0001519580000000076,1.1480387088328214
6,h3,True,6,8,18,0.00024345900000000142,1.3076361489881045
6,h3,True,6,8,18,0.00023858399999987512,1.3076361489881045
6,h3,True,6,6,11,0.00015412499999989393,1.1480387088328214
6,h3,True,6,6,11,0.00015204199999985235,1.1480387088328214
6,h3,True,6,8,18,0.00024424999999972385,1.3076361489881045
6,h3,True,6,6,13,0.00017891700000038924,1.2020992758908227
6,h3,True,6,7,16,0.00021429200000078197,1.2693427210574875
6,h3,True,6,6,11,0.00015270899999997312,1.1480387088328214
6,h3,True,6,6,11,0.00017358399999967133,1.1480387088328214
6,h3,True,6,6,13,0.00017429200000051992,1.2020992758908227
6,h3,True,6,7,16,0.0002167909999997164,1.2693427210574875
6,h3,True,6,6,13,0.00017566699999971291,1.2020992758908227
6,h3,True,6,7,15,0.00020258400000017218,1.2484164628282914
6,h3,True,6,6,13,0.00017333300000021978,1.2020992758908227
6,h3,True,6,6,11,0.0001550000000003493,1.1480387088328214
6,h3,True,6,11,24,0.00031520799999995575,1.4020268573669723
6,h3,True,6,7,14,0.00018500000000010175,1.2260759408059831
6,h3,True,6,7,14,0.0001872919999996725,1.2260759408059831
6,h3,True,6,6,13,0.00017354199999974895,1.2020992758908227
6,h3,True,6,6,11,0.00014870800000021944,1.1480387088328214
6,h3,True,6,7,16,0.0002101249999997279,1.2693427210574875
6,h3,True,6,6,13,0.00017529100000057696,1.2020992758908227
6,h3,True,6,6,11,0.00014920799999984524,1.1480387088328214
6,h3,True,6,8,18,0.00023366699999982643,1.3076361489881045
6,h3,True,6,6,13,0.000172583000000337,1.2020992758908227
6,h3,True,6,6,13,0.000172000000000061,1.2020992758908227
6,h3,True,6,8,18,0.00024449999999998084,1.3076361489881045
6,h3,True,6,6,13,0.00017462500000053893,1.2020992758908227
6,h3,True,6,6,13,0.00017429199999963174,1.2020992758908227
6,h3,True,6,6,13,0.0001759169999999699,1.2020992758908227
6,h3,True,6,7,16,0.00021308400000030758,1.2693427210574875
6,h3,True,6,8,18,0.00023950000000017013,1.3076361489881045
6,h3,True,6,7,16,0.00021579199999965937,1.2693427210574875
6,h3,True,6,6,13,0.00017566699999971291,1.2020992758908227
6,h3,True,6,6,13,0.00017558299999986815,1.2020992758908227
6,h3,True,6,6,13,0.0001750420000004027,1.2020992758908227
6,h3,True,6,7,15,0.00020270900000074477,1.2484164628282914
6,h3,True,6,6,13,0.00017266700000018176,1.2020992758908227
6,h3,True,6,6,13,0.00017441700000020433,1.2020992758908227
6,h3,True,6,11,24,0.0003260840000001153,1.4020268573669723
6,h3,True,6,6,13,0.00017408300000010257,1.2020992758908227
6,h3,True,6,8,18,0.0002581660000000596,1.3076361489881045
6,h3,True,6,6,13,0.00018354200000025855,1.2020992758908227
6,h3,True,6,6,13,0.0001814170000002946,1.2020992758908227
6,h3,True,6,6,13,0.0001739159999996076,1.2020992758908227
6,h3,True,6,6,13,0.00017212500000063358,1.2020992758908227
6,h3,True,6,6,13,0.00017658300000000793,1.2020992758908227
6,h3,True,6,6,13,0.0001741659999998646,1.2020992758908227
6,h3,True,6,8,18,0.00023975000000042712,1.3076361489881045
6,h3,True,6,6,13,0.00017112499999960562,1.2020992758908227
6,h3,True,6,6,13,0.00017254199999960917,1.2020992758908227
6,h3,True,6,6,13,0.00017341700000006455,1.2020992758908227
6,h3,True,6,6,13,0.00017241699999992477,1.2020992758908227
8,h1,True,8,20,39,0.00011141699999939192,1.3458747836656157
8,h1,True,8,14,26,7.420800000002004e-05,1.2517682171153943
8,h1,True,8,15,30,8.370800000001566e-05,1.2849256127788138
8,h1,True,8,8,16,4.3834000000408935e-05,1.1387502839458286
8,h1,True,8,19,34,0.00010037499999970834,1.3139624545600421
8,h1,True,8,9,16,4.5375000000014154e-05,1.1387502839458286
8,h1,True,8,16,34,9.116599999980934e-05,1.3139624545600421
8,h1,True,8,24,43,0.0001277919999997934,1.3686606118346738
8,h1,True,8,9,16,4.583300000060575e-05,1.1387502839458286
8,h1,True,8,11,24,6.4250000000321e-05,1.2332199259759564
8,h1,True,8,9,16,4.583299999971757e-05,1.1387502839458286
8,h1,True,8,11,24,6.33750000007538e-05,1.2332199259759564
8,h1,True,8,9,16,4.549999999969856e-05,1.1387502839458286
8,h1,True,8,16,31,8.666599999962443e-05,1.2925276685442029
8,h1,True,8,15,30,8.258400000027422e-05,1.2849256127788138
8,h1,True,8,14,28,7.96250000005827e-05,1.268937301615972
8,h1,True,8,9,18,4.887500000005929e-05,1.1663361100413634
8,h1,True,8,15,30,8.249999999954127e-05,1.2849256127788138
8,h1,True,8,9,18,4.9083000000393895e-05,1.1663361100413634
8,h1,True,8,24,43,0.00012783299999963305,1.3686606118346738
8,h1,True,8,8,16,4.4334000000034735e-05,1.1387502839458286
8,h1,True,8,19,36,0.00010204199999996888,1.327244324477297
8,h1,True,8,18,34,9.616599999962006e-05,1.3139624545600421
8,h1,True,8,9,18,4.954100000009731e-05,1.1663361100413634
8,h1,True,8,14,28,7.658400000032373e-05,1.268937301615972
8,h1,True,8,8,16,4.4084000000665924e-05,1.1387502839458286
8,h1,True,8,19,36,0.00010133299999992573,1.327244324477297
8,h1,True,8,26,46,0.0001370840000003426,1.3844446686622307
8,h1,True,8,25,47,0.00013337499999988012,1.3894866661759453
8,h1,True,8,14,28,7.720799999955119e-05,1.268937301615972
8,h1,True,8,26,49,0.00014004199999995137,1.399269286318122
8,h1,True,8,18,34,9.666700000021677e-05,1.3139624545600421
8,h1,True,8,13,28,7.412499999936983e-05,1.268937301615972
8,h1,True,8,14,26,7.691699999945456e-05,1.2517682171153943
8,h1,True,8,25,47,0.0001332500000001957,1.3894866661759453
8,h1,True,8,15,28,7.920799999983075e-05,1.268937301615972
8,h1,True,8,20,38,0.00010683300000025042,1.339824431800587
8,h1,True,8,18,36,9.991599999992218e-05,1.327244324477297
8,h1,True,8,15,29,8.108400000050864e-05,1.2770683637773588
8,h1,True,8,26,46,0.0001336670000000595,1.3844446686622307
8,h1,True,8,26,49,0.00013945799999959263,1.399269286318122
8,h1,True,8,19,37,0.0001029580000002639,1.3336172093625813
8,h1,True,8,15,30,8.545800000003823e-05,1.2849256127788138
8,h1,True,8,9,18,4.916600000015592e-05,1.1663361100413634
8,h1,True,8,9,18,4.9624999999942077e-05,1.1663361100413634
8,h1,True,8,16,31,8.670800000043499e-05,1.2925276685442029
8,h1,True,8,14,28,7.695800000018238e-05,1.268937301615972
8,h1,True,8,17,33,9.254199999997326e-05,1.3070316463424656
8,h1,True,8,14,28,7.725000000036175e-05,1.268937301615972
8,h1,True,8,9,16,4.604200000013492e-05,1.1387502839458286
8,h1,True,8,18,37,0.00010129100000000335,1.3336172093625813
8,h1,True,8,9,16,4.554199999962094e-05,1.1387502839458286
8,h1,True,8,15,30,8.237499999985687e-05,1.2849256127788138
8,h1,True,8,19,36,0.00010324999999955509,1.327244324477297
8,h1,True,8,15,30,8.208400000064842e-05,1.2849256127788138
8,h1,True,8,18,36,0.00010016699999937373,1.327244324477297
8,h1,True,8,26,49,0.00014100000000016877,1.399269286318122
8,h1,True,8,23,45,0.00012529200000077623,1.379296275582928
8,h1,True,8,18,34,9.633400000019776e-05,1.3139624545600421
8,h1,True,8,15,28,7.912500000006872e-05,1.268937301615972
8,h1,True,8,23,45,0.00012537500000053825,1.379296275582928
8,h1,True,8,16,34,9.108300000004732e-05,1.3139624545600421
8,h1,True,8,8,16,4.3291999999972575e-05,1.1387502839458286
8,h1,True,8,19,34,9.983299999927198e-05,1.3139624545600421
8,h1,True,8,16,31,8.745899999951234e-05,1.2925276685442029
8,h1,True,8,9,16,4.533300000009177e-05,1.1387502839458286
8,h1,True,8,8,16,4.34580000003848e-05,1.1387502839458286
8,h1,True,8,23,45,0.0001287500000000108,1.379296275582928
8,h1,True,8,20,38,0.00010741600000052642,1.339824431800587
8,h1,True,8,14,28,7.695900000026512e-05,1.268937301615972
8,h1,True,8,20,39,0.00010904200000005915,1.3458747836656157
8,h1,True,8,15,29,8.05830000008001e-05,1.2770683637773588
8,h1,True,8,24,43,0.00012691600000014347,1.3686606118346738
8,h1,True,8,19,36,0.00010333300000020529,1.327244324477297
8,h1,True,8,20,38,0.0001067919999995226,1.339824431800587
8,h1,True,8,24,45,0.00012799999999923983,1.379296275582928
8,h1,True,8,26,49,0.0001385000000002634,1.399269286318122
8,h1,True,8,18,34,9.620800000043062e-05,1.3139624545600421
8,h1,True,8,18,34,9.62919999993872e-05,1.3139624545600421
8,h1,True,8,15,30,8.22079999993619e-05,1.2849256127788138
8,h1,True,8,8,16,4.362499999999159e-05,1.1387502839458286
8,h1,True,8,9,16,4.5666000000110785e-05,1.1387502839458286
8,h1,True,8,9,18,4.912500000031628e-05,1.1663361100413634
8,h1,True,8,11,24,6.429200000024338e-05,1.2332199259759564
8,h1,True,8,26,49,0.00014170900000021192,1.399269286318122
8,h1,True,8,11,24,6.658299999973138e-05,1.2332199259759564
8,h1,True,8,15,30,8.233299999993449e-05,1.2849256127788138
8,h1,True,8,18,34,9.68749999996632e-05,1.3139624545600421
8,h1,True,8,14,28,7.704200000002714e-05,1.268937301615972
8,h1,True,8,15,30,8.212499999959988e-05,1.2849256127788138
8,h1,True,8,9,16,4.5375000000014154e-05,1.1387502839458286
8,h1,True,8,16,31,8.658399999994515e-05,1.2925276685442029
8,h1,True,8,18,34,9.650000000060999e-05,1.3139624545600421
8,h1,True,8,23,45,0.00012570799999966908,1.379296275582928
8,h1,True,8,19,36,0.0001024580000006381,1.327244324477297
8,h1,True,8,8,16,4.374999999967599e-05,1.1387502839458286
8,h1,True,8,18,37,0.00010474999999932066,1.3336172093625813
8,h1,True,8,19,36,0.00010166700000002749,1.327244324477297
8,h1,True,8,22,41,0.00011724999999973562,1.3575366662578658
8,h1,True,8,16,31,8.729099999982282e-05,1.2925276685442029
8,h2,True,8,13,27,0.00011700000000036681,1.2605116666223641
8,h2,True,8,9,17,7.762499999941497e-05,1.1529696597336176
8,h2,True,8,10,21,8.787500000018156e-05,1.2022359117176493
8,h2,True,8,8,16,6.704200000040572e-05,1.1387502839458286
8,h2,True,8,17,32,0.0001399169999993788,1.2998912964237617
8,h2,True,8,8,14,6.050000000001887e-05,1.1072402735252624
8,h2,True,8,10,21,8.758300000000219e-05,1.2022359117176493
8,h2,True,8,17,32,0.00014124999999953758,1.2998912964237617
8,h2,True,8,8,14,6.07910000001155e-05,1.1072402735252624
8,h2,True,8,9,18,7.566699999994597e-05,1.1663361100413634
8,h2,True,8,8,14,6.070900000043622e-05,1.1072402735252624
8,h2,True,8,9,18,7.533399999992696e-05,1.1663361100413634
8,h2,True,8,8,14,6.025000000065006e-05,1.1072402735252624
8,h2,True,8,11,20,8.687500000004178e-05,1.19089265746083
8,h2,True,8,10,21,8.816700000036093e-05,1.2022359117176493
8,h2,True,8,8,16,6.737500000042473e-05,1.1387502839458286
8,h2,True,8,8,16,6.720900000001251e-05,1.1387502839458286
8,h2,True,8,10,21,8.808300000051617e-05,1.2022359117176493
8,h2,True,8,8,16,6.637500000028496e-05,1.1387502839458286
8,h2,True,8,17,32,0.00014054200000046535,1.2998912964237617
8,h2,True,8,8,16,6.758299999987116e-05,1.1387502839458286
8,h2,True,8,10,21,8.762499999992457e-05,1.2022359117176493
8,h2,True,8,11,22,9.391599999997169e-05,1.2130386813599814
8,h2,True,8,8,16,6.774999999947795e-05,1.1387502839458286
8,h2,True,8,8,16,6.720799999992977e-05,1.1387502839458286
8,h2,True,8,8,16,6.733300000050235e-05,1.1387502839458286
8,h2,True,8,10,21,8.808299999962799e-05,1.2022359117176493
8,h2,True,8,15,29,0.00012445900000024324,1.2770683637773588
8,h2,True,8,11,23,9.67499999999788e-05,1.2233519935909793
8,h2,True,8,8,16,6.766699999971593e-05,1.1387502839458286
8,h2,True,8,12,24,0.00010170799999986713,1.2332199259759564
8,h2,True,8,11,22,9.6250000000353e-05,1.2130386813599814
8,h2,True,8,10,21,8.720900000014353e-05,1.2022359117176493
8,h2,True,8,9,17,7.312499999923006e-05,1.1529696597336176
8,h2,True,8,11,23,9.554200000039259e-05,1.2233519935909793
8,h2,True,8,9,18,7.612499999964939e-05,1.1663361100413634
8,h2,True,8,12,24,0.00010137500000073629,1.2332199259759564
8,h2,True,8,8,16,6.79589999998953e-05,1.1387502839458286
8,h2,True,8,10,21,8.787500000018156e-05,1.2022359117176493
8,h2,True,8,15,29,0.0001241249999992533,1.2770683637773588
8,h2,True,8,12,24,0.00010224999999941531,1.2332199259759564
8,h2,True,8,10,21,8.816699999947275e-05,1.2022359117176493
8,h2,True,8,10,21,8.770799999968659e-05,1.2022359117176493
8,h2,True,8,8,16,6.762499999979354e-05,1.1387502839458286
8,h2,True,8,8,16,6.741699999945894e-05,1.1387502839458286
8,h2,True,8,12,24,0.0001020830000006967,1.2332199259759564
8,h2,True,8,8,16,6.716700000009013e-05,1.1387502839458286
8,h2,True,8,9,19,7.987499999995151e-05,1.1789493962140987
8,h2,True,8,10,21,8.774999999960897e-05,1.2022359117176493
8,h2,True,8,8,14,6.091699999988265e-05,1.1072402735252624
8,h2,True,8,12,24,0.00010204199999996888,1.2332199259759564
8,h2,True,8,8,14,6.033399999960665e-05,1.1072402735252624
8,h2,True,8,10,21,8.816700000036093e-05,1.2022359117176493
8,h2,True,8,15,27,0.0001197079999997186,1.2605116666223641
8,h2,True,8,10,21,8.758300000000219e-05,1.2022359117176493
8,h2,True,8,8,16,7.079099999973693e-05,1.1387502839458286
8,h2,True,8,12,24,0.00010262500000024488,1.2332199259759564
8,h2,True,8,10,21,8.745800000031778e-05,1.2022359117176493
8,h2,True,8,11,22,9.399999999981645e-05,1.2130386813599814
8,h2,True,8,9,18,7.670900000000813e-05,1.1663361100413634
8,h2,True,8,10,21,8.779099999944862e-05,1.2022359117176493
8,h2,True,8,10,21,8.774999999960897e-05,1.2022359117176493
8,h2,True,8,8,16,6.779199999940033e-05,1.1387502839458286
8,h2,True,8,17,32,0.00014370800000040873,1.2998912964237617
8,h2,True,8,9,19,8.029100000062073e-05,1.1789493962140987
8,h2,True,8,8,14,6.0625000000591456e-05,1.1072402735252624
8,h2,True,8,8,16,6.762499999979354e-05,1.1387502839458286
8,h2,True,8,10,21,8.812499999955037e-05,1.2022359117176493
8,h2,True,8,12,24,0.00010204199999996888,1.2332199259759564
8,h2,True,8,8,16,6.700000000048334e-05,1.1387502839458286
8,h2,True,8,13,27,0.00011366699999992846,1.2605116666223641
8,h2,True,8,10,21,8.741700000047814e-05,1.2022359117176493
8,h2,True,8,17,32,0.00014037499999997038,1.2998912964237617
8,h2,True,8,15,27,0.00011937499999969958,1.2605116666223641
8,h2,True,8,12,24,0.00010204199999996888,1.2332199259759564
8,h2,True,8,15,29,0.00012470900000050023,1.2770683637773588
8,h2,True,8,12,24,0.00010208299999980852,1.2332199259759564
8,h2,True,8,12,24,0.0001024999999996723,1.2332199259759564
8,h2,True,8,11,22,9.395799999989407e-05,1.2130386813599814
8,h2,True,8,10,21,8.779200000041953e-05,1.2022359117176493
8,h2,True,8,8,16,6.679100000006599e-05,1.1387502839458286
8,h2,True,8,8,14,6.07079999994653e-05,1.1072402735252624
8,h2,True,8,8,16,6.75839999999539e-05,1.1387502839458286
8,h2,True,8,9,18,7.612500000053757e-05,1.1663361100413634
8,h2,True,8,12,24,0.00010225000000030349,1.2332199259759564
8,h2,True,8,9,18,7.612500000053757e-05,1.1663361100413634
8,h2,True,8,10,21,8.766699999984695e-05,1.2022359117176493
8,h2,True,8,11,22,9.283400000015263e-05,1.2130386813599814
8,h2,True,8,8,16,6.754200000003152e-05,1.1387502839458286
8,h2,True,8,10,21,8.762499999992457e-05,1.2022359117176493
8,h2,True,8,8,14,6.0874999999960266e-05,1.1072402735252624
8,h2,True,8,11,20,8.691699999996416e-05,1.19089265746083
8,h2,True,8,11,22,9.350000000019065e-05,1.2130386813599814
8,h2,True,8,10,21,9.079099999986795e-05,1.2022359117176493
8,h2,True,8,10,21,8.804199999978835e-05,1.2022359117176493
8,h2,True,8,8,16,6.737500000042473e-05,1.1387502839458286
8,h2,True,8,12,24,0.0001026249999993567,1.2332199259759564
8,h2,True,8,10,21,8.774999999960897e-05,1.2022359117176493
8,h2,True,8,14,27,0.00011566700000020802,1.2605116666223641
8,h2,True,8,11,20,8.650000000010039e-05,1.19089265746083
8,h3,True,8,13,27,0.00035200000000035203,1.2605116666223641
8,h3,True,8,9,17,0.00022558299999975162,1.1529696597336176
8,h3,True,8,8,18,0.00023812500000008896,1.1663361100413634
8,h3,True,8,8,16,0.00021020799999948991,1.1387502839458286
8,h3,True,8,17,32,0.0004340420000001899,1.2998912964237617
8,h3,True,8,8,14,0.00018795799999971052,1.1072402735252624
8,h3,True,8,10,21,0.0002769169999998766,1.2022359117176493
8,h3,True,8,17,32,0.0004306249999999068,1.2998912964237617
8,h3,True,8,8,14,0.00019900000000028228,1.1072402735252624
8,h3,True,8,9,18,0.00024879199999983115,1.1663361100413634
8,h3,True,8,8,14,0.0001872919999996725,1.1072402735252624
8,h3,True,8,9,18,0.00023845899999930253,1.1663361100413634
8,h3,True,8,8,14,0.0001875000000000071,1.1072402735252624
8,h3,True,8,11,20,0.0002687080000001174,1.19089265746083
8,h3,True,8,10,21,0.000277792000000332,1.2022359117176493
8,h3,True,8,8,16,0.00020737499999956555,1.1387502839458286
8,h3,True,8,8,16,0.00021170800000014367,1.1387502839458286
8,h3,True,8,10,21,0.00027870899999982157,1.2022359117176493
8,h3,True,8,8,16,0.0002082919999999433,1.1387502839458286
8,h3,True,8,17,32,0.00042095899999949893,1.2998912964237617
8,h3,True,8,8,16,0.00021041699999990726,1.1387502839458286
8,h3,True,8,8,18,0.000235416999999849,1.1663361100413634
8,h3,True,8,11,22,0.00029199999999995896,1.2130386813599814
8,h3,True,8,8,16,0.00021095800000026088,1.1387502839458286
8,h3,True,8,8,16,0.00021050000000055746,1.1387502839458286
8,h3,True,8,8,16,0.0002140000000006026,1.1387502839458286
8,h3,True,8,8,18,0.00023616600000053722,1.1663361100413634
8,h3,True,8,15,29,0.00037937499999962654,1.2770683637773588
8,h3,True,8,11,23,0.0002963340000006198,1.2233519935909793
8,h3,True,8,8,16,0.00020716600000003638,1.1387502839458286
8,h3,True,8,8,18,0.00023191599999972112,1.1663361100413634
8,h3,True,8,11,22,0.00029529200000055766,1.2130386813599814
8,h3,True,8,10,21,0.00027704100000036647,1.2022359117176493
8,h3,True,8,9,17,0.0002337089999997488,1.1529696597336176
8,h3,True,8,11,23,0.0002954580000000817,1.2233519935909793
8,h3,True,8,9,18,0.0002390840000003891,1.1663361100413634
8,h3,True,8,12,24,0.00031520799999995575,1.2332199259759564
8,h3,True,8,8,16,0.00020879099999948636,1.1387502839458286
8,h3,True,8,10,21,0.0002767920000001922,1.2022359117176493
8,h3,True,8,15,29,0.00038316699999985104,1.2770683637773588
8,h3,True,8,8,18,0.000236333000000144,1.1663361100413634
8,h3,True,8,10,21,0.0002771670000001336,1.2022359117176493
8,h3,True,8,8,18,0.00023562499999929543,1.1663361100413634
8,h3,True,8,8,16,0.00021175000000006605,1.1387502839458286
8,h3,True,8,8,16,0.00021229100000041967,1.1387502839458286
8,h3,True,8,12,24,0.0003124999999997158,1.2332199259759564
8,h3,True,8,8,16,0.00020870799999972434,1.1387502839458286
8,h3,True,8,9,19,0.0002512499999998141,1.1789493962140987
8,h3,True,8,10,21,0.0002747080000000679,1.2022359117176493
8,h3,True,8,8,14,0.0001875419999999295,1.1072402735252624
8,h3,True,8,12,24,0.00031995800000039765,1.2332199259759564
8,h3,True,8,8,14,0.00018720799999982773,1.1072402735252624
8,h3,True,8,10,21,0.0002783749999997198,1.2022359117176493
8,h3,True,8,15,27,0.0003835839999997148,1.2605116666223641
8,h3,True,8,10,21,0.000280583000000334,1.2022359117176493
8,h3,True,8,8,16,0.00021129199999947446,1.1387502839458286
8,h3,True,8,8,18,0.00023137500000025568,1.1663361100413634
8,h3,True,8,9,20,0.0002577080000003562,1.19089265746083
8,h3,True,8,11,22,0.00031800000000004047,1.2130386813599814
8,h3,True,8,9,18,0.00023762500000046316,1.1663361100413634
8,h3,True,8,9,20,0.0002543329999999955,1.19089265746083
8,h3,True,8,10,21,0.00028062500000025636,1.2022359117176493
8,h3,True,8,8,16,0.0002104579999997469,1.1387502839458286
8,h3,True,8,17,32,0.0004387919999997436,1.2998912964237617
8,h3,True,8,9,19,0.00024891700000040373,1.1789493962140987
8,h3,True,8,8,14,0.00018758399999985187,1.1072402735252624
8,h3,True,8,8,16,0.0002105410000003971,1.1387502839458286
8,h3,True,8,9,20,0.00025400000000086465,1.19089265746083
8,h3,True,8,12,24,0.00031616600000017314,1.2332199259759564
8,h3,True,8,8,16,0.00020833400000075386,1.1387502839458286
8,h3,True,8,13,27,0.000353041999999526,1.2605116666223641
8,h3,True,8,10,21,0.00027858400000013717,1.2022359117176493
8,h3,True,8,17,32,0.00042475000000052887,1.2998912964237617
8,h3,True,8,15,27,0.00036004200000050446,1.2605116666223641
8,h3,True,8,12,24,0.0003154169999994849,1.2332199259759564
8,h3,True,8,12,25,0.0003324170000000848,1.242680815771187
8,h3,True,8,8,18,0.0002307500000000573,1.1663361100413634
8,h3,True,8,12,24,0.00030962499999986903,1.2332199259759564
8,h3,True,8,11,22,0.00029825000000016644,1.2130386813599814
8,h3,True,8,10,21,0.00028104200000012014,1.2022359117176493
8,h3,True,8,8,16,0.00021087500000049886,1.1387502839458286
8,h3,True,8,8,14,0.00018733399999959488,1.1072402735252624
8,h3,True,8,8,16,0.00021895800000049093,1.1387502839458286
8,h3,True,8,9,18,0.0002466669999998672,1.1663361100413634
8,h3,True,8,8,18,0.0002314999999999401,1.1663361100413634
8,h3,True,8,9,18,0.00023895799999973377,1.1663361100413634
8,h3,True,8,10,21,0.0002724169999996917,1.2022359117176493
8,h3,True,8,11,22,0.0002906249999998778,1.2130386813599814
8,h3,True,8,8,16,0.0002086249999999623,1.1387502839458286
8,h3,True,8,10,21,0.00027895900000007856,1.2022359117176493
8,h3,True,8,8,14,0.0001878749999999485,1.1072402735252624
8,h3,True,8,11,20,0.000269624999999607,1.19089265746083
8,h3,True,8,11,22,0.00029154199999936736,1.2130386813599814
8,h3,True,8,9,20,0.0002580410000003752,1.19089265746083
8,h3,True,8,8,18,0.0002361249999998094,1.1663361100413634
8,h3,True,8,8,16,0.0002097499999997865,1.1387502839458286
8,h3,True,8,12,24,0.0003297909999995241,1.2332199259759564
8,h3,True,8,8,18,0.00023529100000008185,1.1663361100413634
8,h3,True,8,14,27,0.0003581669999999093,1.2605116666223641
8,h3,True,8,11,20,0.00026595799999995506,1.19089265746083
10,h1,True,10,39,70,0.00020841700000051588,1.3384174087068894
10,h1,True,10,44,80,0.00023441699999970922,1.362252830588114
10,h1,True,10,32,57,0.00016683299999975532,1.3018634193564975
10,h1,True,10,33,63,0.0001825000000001964,1.3196570874098779
10,h1,True,10,38,71,0.00020504200000015516,1.3409459320183617
10,h1,True,10,49,88,0.00026158300000034274,1.379316821739549
10,h1,True,10,38,68,0.00019933400000038404,1.3332523895439818
10,h1,True,10,30,57,0.00016250000000006537,1.3018634193564975
10,h1,True,10,32,57,0.00016891699999987964,1.3018634193564975
10,h1,True,10,32,61,0.00017624999999998892,1.3139191066442062
10,h1,True,10,47,83,0.00024570900000053797,1.3688383142733382
10,h1,True,10,33,61,0.00017733399999997346,1.3139191066442062
10,h1,True,10,40,73,0.00021495799999993181,1.3459000701983417
10,h1,True,10,29,52,0.00015662499999979929,1.285555326891747
10,h1,True,10,27,47,0.00013895799999996683,1.2676025072430828
10,h1,True,10,33,67,0.00018733399999959488,1.3306137298923986
10,h1,True,10,24,46,0.00013100000000054735,1.2637830032245092
10,h1,True,10,40,72,0.00021074999999992627,1.3434398293792076
10,h1,True,10,37,65,0.00019154199999960042,1.3252183209207526
10,h1,True,10,38,68,0.00020062500000062045,1.3332523895439818
10,h1,True,10,15,28,7.987499999995151e-05,1.1752171572072152
10,h1,True,10,45,79,0.00023737500000020617,1.360004180834549
10,h1,True,10,26,47,0.00013629200000053743,1.2676025072430828
10,h1,True,10,38,71,0.00020541700000009655,1.3409459320183617
10,h1,True,10,36,67,0.00019566699999984394,1.3306137298923986
10,h1,True,10,43,78,0.00022791700000013293,1.3577276414803445
10,h1,True,10,30,57,0.00016887499999995725,1.3018634193564975
10,h1,True,10,49,86,0.0002549589999993884,1.3751964905064678
10,h1,True,10,35,60,0.00017912499999983567,1.3109801188945354
10,h1,True,10,36,64,0.0001871669999999881,1.3224590902092825
10,h1,True,10,45,79,0.00023354200000014202,1.360004180834549
10,h1,True,10,30,57,0.00016262500000063795,1.3018634193564975
10,h1,True,10,29,53,0.00015412499999989393,1.288938235610673
10,h1,True,10,43,81,0.0002368749999996922,1.364474290954702
10,h1,True,10,33,64,0.00018170899999958579,1.3224590902092825
10,h1,True,10,59,106,0.00031583400000023687,1.412787878203472
10,h1,True,10,48,89,0.00025912500000035976,1.381343075599339
10,h1,True,10,47,83,0.00024479199999927204,1.3688383142733382
10,h1,True,10,15,28,7.970800000034473e-05,1.1752171572072152
10,h1,True,10,42,73,0.00021979200000021848,1.3459000701983417
10,h1,True,10,33,60,0.00017758400000023045,1.3109801188945354
10,h1,True,10,53,93,0.00027554199999979545,1.389233594678648
10,h1,True,10,26,47,0.00013979099999961164,1.2676025072430828
10,h1,True,10,38,69,0.00020045800000012548,1.3358532471409261
10,h1,True,10,43,77,0.00022591699999985337,1.3554224846394596
10,h1,True,10,37,67,0.00019562499999992156,1.3306137298923986
10,h1,True,10,37,65,0.00019195799999938146,1.3252183209207526
10,h1,True,10,40,72,0.0002116659999993331,1.3434398293792076
10,h1,True,10,46,80,0.00024383299999986008,1.362252830588114
10,h1,True,10,36,67,0.00019666699999998372,1.3306137298923986
10,h1,True,10,39,70,0.00020566599999938262,1.3384174087068894
10,h1,True,10,37,65,0.00019162500000025062,1.3252183209207526
10,h1,True,10,40,72,0.00021074999999992627,1.3434398293792076
10,h1,True,10,25,46,0.00013270799999975935,1.2637830032245092
10,h1,True,10,36,67,0.0001932499999997006,1.3306137298923986
10,h1,True,10,59,106,0.00031499999999962114,1.412787878203472
10,h1,True,10,37,65,0.0001915839999995228,1.3252183209207526
10,h1,True,10,53,93,0.00027816599999930247,1.389233594678648
10,h1,True,10,36,66,0.00019174999999993503,1.3279361109255956
10,h1,True,10,47,83,0.00024470799999942727,1.3688383142733382
10,h1,True,10,40,75,0.0002153329999998732,1.350723259591009
10,h1,True,10,41,74,0.0002199999999996649,1.3483275833870652
10,h1,True,10,29,53,0.0001539170000004475,1.288938235610673
10,h1,True,10,33,60,0.00017433300000035956,1.3109801188945354
10,h1,True,10,47,83,0.00025083299999995035,1.3688383142733382
10,h1,True,10,42,79,0.00022995900000033487,1.360004180834549
10,h1,True,10,59,106,0.0003169999999999007,1.412787878203472
10,h1,True,10,38,69,0.00020104100000040148,1.3358532471409261
10,h1,True,10,28,55,0.00015566600000038733,1.2955175615642647
10,h1,True,10,27,47,0.00013858400000010818,1.2676025072430828
10,h1,True,10,43,78,0.0002282090000003123,1.3577276414803445
10,h1,True,10,38,72,0.00020616699999997934,1.3434398293792076
10,h1,True,10,44,80,0.00023379199999951084,1.362252830588114
10,h1,True,10,27,47,0.0001381670000002444,1.2676025072430828
10,h1,True,10,51,88,0.00026779100000062783,1.379316821739549
10,h1,True,10,27,47,0.0001379589999999098,1.2676025072430828
10,h1,True,10,45,79,0.0002363750000000664,1.360004180834549
10,h1,True,10,28,52,0.00014958399999986938,1.285555326891747
10,h1,True,10,39,69,0.00020208299999957546,1.3358532471409261
10,h1,True,10,49,86,0.0002560420000001784,1.3751964905064678
10,h1,True,10,47,83,0.00024458300000063105,1.3688383142733382
10,h1,True,10,32,61,0.00018087499999985823,1.3139191066442062
10,h1,True,10,37,69,0.00019962500000048067,1.3358532471409261
10,h1,True,10,42,79,0.0002300420000000969,1.360004180834549
10,h1,True,10,40,75,0.00021525000000011119,1.350723259591009
10,h1,True,10,43,78,0.00022729199999993455,1.3577276414803445
10,h1,True,10,44,80,0.00023229199999974526,1.362252830588114
10,h1,True,10,39,73,0.00021037499999998488,1.3459000701983417
10,h1,True,10,39,69,0.00020283299999945825,1.3358532471409261
10,h1,True,10,29,53,0.0001554999999999751,1.288938235610673
10,h1,True,10,15,28,7.999999999963592e-05,1.1752171572072152
10,h1,True,10,24,46,0.0001304160000001886,1.2637830032245092
10,h1,True,10,29,53,0.00015399999999932135,1.288938235610673
10,h1,True,10,53,91,0.00028137500000013915,1.3853302834193375
10,h1,True,10,31,57,0.00016549999999959653,1.3018634193564975
10,h1,True,10,26,49,0.0001404999999996548,1.2750028725394236
10,h1,True,10,47,81,0.0002469999999998862,1.364474290954702
10,h1,True,10,37,68,0.00019666699999998372,1.3332523895439818
10,h1,True,10,29,53,0.00015504100000018894,1.288938235610673
10,h1,True,10,47,83,0.000248000000000026,1.3688383142733382
10,h2,True,10,14,27,0.00011712500000005122,1.1686710420278263
10,h2,True,10,16,30,0.00013037500000034896,1.1876050666770976
10,h2,True,10,12,24,0.0001015419999994549,1.1473801265890193
10,h2,True,10,22,41,0.00017954199999969944,1.2433365439859378
10,h2,True,10,15,28,0.00012245799999988094,1.1752171572072152
10,h2,True,10,19,36,0.00015645799999930432,1.220188001146636
10,h2,True,10,19,36,0.00015666699999972167,1.220188001146636
10,h2,True,10,10,19,8.166699999989646e-05,1.1046242811996336
10,h2,True,10,21,36,0.0001614999999999256,1.220188001146636
10,h2,True,10,22,41,0.0001835830000000982,1.2433365439859378
10,h2,True,10,29,51,0.0002293339999992483,1.2821069420985616
10,h2,True,10,15,28,0.0001220420000000999,1.1752171572072152
10,h2,True,10,14,27,0.00011549999999971305,1.1686710420278263
10,h2,True,10,17,31,0.00013587499999978547,1.1934799466493504
10,h2,True,10,13,23,0.00010137499999984811,1.1396482221756665
10,h2,True,10,13,26,0.00011120899999994549,1.1618647289881459
10,h2,True,10,11,22,9.337500000050625e-05,1.1315476594986995
10,h2,True,10,20,37,0.00016212500000012398,1.2250697680770326
10,h2,True,10,19,37,0.00015958300000029624,1.2250697680770326
10,h2,True,10,19,36,0.00015737500000057025,1.220188001146636
10,h2,True,10,10,17,7.512500000039779e-05,1.0839462429144477
10,h2,True,10,14,27,0.00012108299999979977,1.1686710420278263
10,h2,True,10,15,26,0.00011500000000008725,1.1618647289881459
10,h2,True,10,15,28,0.00012195800000025514,1.1752171572072152
10,h2,True,10,14,27,0.00011583299999973207,1.1686710420278263
10,h2,True,10,15,29,0.00012520800000004328,1.1815226778193648
10,h2,True,10,10,19,8.175000000054666e-05,1.1046242811996336
10,h2,True,10,25,45,0.0001987080000001029,1.259879121612967
10,h2,True,10,16,29,0.000127083999999833,1.1815226778193648
10,h2,True,10,20,37,0.00016179200000010496,1.2250697680770326
10,h2,True,10,16,32,0.00013724999999986665,1.199161350298363
10,h2,True,10,10,19,8.166699999989646e-05,1.1046242811996336
10,h2,True,10,14,27,0.00011566700000020802,1.1686710420278263
10,h2,True,10,20,40,0.00017395800000041817,1.2389455112080934
10,h2,True,10,10,19,8.158400000013444e-05,1.1046242811996336
10,h2,True,10,34,60,0.0002680420000000794,1.3109801188945354
10,h2,True,10,21,41,0.0001761250000003045,1.2433365439859378
10,h2,True,10,23,42,0.00018270799999964282,1.2476203436360045
10,h2,True,10,10,17,7.533299999984422e-05,1.0839462429144477
10,h2,True,10,21,39,0.00017266599999921084,1.2344415596722729
10,h2,True,10,15,30,0.00012799999999923983,1.1876050666770976
10,h2,True,10,29,54,0.00023716700000075974,1.2922581883804543
10,h2,True,10,15,26,0.00011516699999969404,1.1618647289881459
10,h2,True,10,13,26,0.00011058400000063529,1.1618647289881459
10,h2,True,10,19,36,0.00015683400000021663,1.220188001146636
10,h2,True,10,16,28,0.00012412500000014148,1.1752171572072152
10,h2,True,10,19,37,0.00015933300000003925,1.2250697680770326
10,h2,True,10,15,29,0.00012458399999992764,1.1815226778193648
10,h2,True,10,20,36,0.0001605419999997082,1.220188001146636
10,h2,True,10,14,27,0.00011700000000036681,1.1686710420278263
10,h2,True,10,19,36,0.00015641699999946468,1.220188001146636
10,h2,True,10,19,37,0.00015854200000031682,1.2250697680770326
10,h2,True,10,15,29,0.00012504199999963106,1.1815226778193648
10,h2,True,10,12,24,0.00010229200000022587,1.1473801265890193
10,h2,True,10,15,29,0.00013295800000001634,1.1815226778193648
10,h2,True,10,34,60,0.00026916699999990357,1.3109801188945354
10,h2,True,10,19,37,0.00015920800000035484,1.2250697680770326
10,h2,True,10,29,54,0.00023595899999939718,1.2922581883804543
10,h2,True,10,19,37,0.00015900000000002024,1.2250697680770326
10,h2,True,10,29,51,0.00022799999999989495,1.2821069420985616
10,h2,True,10,18,34,0.00014683399999970703,1.2099931266012263
10,h2,True,10,16,32,0.00013675000000024085,1.199161350298363
10,h2,True,10,13,25,0.0001073749999997986,1.1547761099237874
10,h2,True,10,15,30,0.0001329170000001767,1.1876050666770976
10,h2,True,10,29,51,0.00022895800000011235,1.2821069420985616
10,h2,True,10,17,33,0.00014175000000005156,1.2046619286106806
10,h2,True,10,34,60,0.00027404200000002987,1.3109801188945354
10,h2,True,10,13,26,0.00011062500000047493,1.1618647289881459
10,h2,True,10,17,32,0.00013858299999913726,1.199161350298363
10,h2,True,10,13,23,0.00010108300000055692,1.1396482221756665
10,h2,True,10,15,29,0.0001242499999998259,1.1815226778193648
10,h2,True,10,12,24,0.00010233400000014825,1.1473801265890193
10,h2,True,10,16,30,0.0001298329999999126,1.1876050666770976
10,h2,True,10,13,23,0.00010087500000022231,1.1396482221756665
10,h2,True,10,15,29,0.0001291249999999522,1.1815226778193648
10,h2,True,10,13,23,0.00010083300000029993,1.1396482221756665
10,h2,True,10,21,39,0.00017316700000069574,1.2344415596722729
10,h2,True,10,10,19,8.404200000011741e-05,1.1046242811996336
10,h2,True,10,23,43,0.00018670800000020193,1.2518021746147925
10,h2,True,10,25,45,0.0001994579999999857,1.259879121612967
10,h2,True,10,23,42,0.00018433299999998098,1.2476203436360045
10,h2,True,10,22,41,0.00019954099999974773,1.2433365439859378
10,h2,True,10,12,24,0.00010262500000024488,1.1473801265890193
10,h2,True,10,17,33,0.00014104200000009115,1.2046619286106806
10,h2,True,10,18,34,0.00014725000000037625,1.2099931266012263
10,h2,True,10,16,32,0.00013662500000055644,1.199161350298363
10,h2,True,10,16,30,0.00012945899999916577,1.1876050666770976
10,h2,True,10,19,34,0.00015041700000040237,1.2099931266012263
10,h2,True,10,23,43,0.00018595800000031915,1.2518021746147925
10,h2,True,10,14,27,0.00011720800000070142,1.1686710420278263
10,h2,True,10,10,17,7.504199999974759e-05,1.0839462429144477
10,h2,True,10,11,22,0.00010116699999951351,1.1315476594986995
10,h2,True,10,13,25,0.00010758300000013321,1.1547761099237874
10,h2,True,10,32,57,0.00026475000000036886,1.3018634193564975
10,h2,True,10,11,22,0.00010004100000049476,1.1315476594986995
10,h2,True,10,10,19,8.195900000007583e-05,1.1046242811996336
10,h2,True,10,25,43,0.00019804099999998215,1.2518021746147925
10,h2,True,10,14,27,0.00011570800000004766,1.1686710420278263
10,h2,True,10,13,25,0.00010758300000013321,1.1547761099237874
10,h2,True,10,29,51,0.00023508299999974724,1.2821069420985616
10,h3,True,10,12,24,0.000322208000000046,1.1473801265890193
10,h3,True,10,16,30,0.0003941659999995295,1.1876050666770976
10,h3,True,10,10,21,0.0002810829999999598,1.1230406650868217
10,h3,True,10,22,41,0.0005473750000000166,1.2433365439859378
10,h3,True,10,15,28,0.0003586669999995351,1.1752171572072152
10,h3,True,10,14,28,0.00036233299999999247,1.1752171572072152
10,h3,True,10,13,25,0.00032900000000068985,1.1547761099237874
10,h3,True,10,10,19,0.0002430829999999773,1.1046242811996336
10,h3,True,10,21,36,0.00047929200000051964,1.220188001146636
10,h3,True,10,22,41,0.0005368749999998812,1.2433365439859378
10,h3,True,10,22,40,0.0005326249999999533,1.2389455112080934
10,h3,True,10,15,28,0.0003626670000000942,1.1752171572072152
10,h3,True,10,10,21,0.0002662090000002948,1.1230406650868217
10,h3,True,10,16,28,0.00036799999999992394,1.1752171572072152
10,h3,True,10,13,23,0.000302458000000172,1.1396482221756665
10,h3,True,10,13,26,0.0003387500000000543,1.1618647289881459
10,h3,True,10,11,22,0.00029120900000023653,1.1315476594986995
10,h3,True,10,20,37,0.00048050000000010584,1.2250697680770326
10,h3,True,10,18,34,0.00044533299999915954,1.2099931266012263
10,h3,True,10,13,25,0.0003380000000001715,1.1547761099237874
10,h3,True,10,10,17,0.00022762499999995356,1.0839462429144477
10,h3,True,10,13,26,0.00033804100000001114,1.1618647289881459
10,h3,True,10,15,26,0.00034675000000028433,1.1618647289881459
10,h3,True,10,15,28,0.00036662499999984277,1.1752171572072152
10,h3,True,10,14,27,0.0003540419999996658,1.1686710420278263
10,h3,True,10,15,29,0.0003805830000001009,1.1815226778193648
10,h3,True,10,10,19,0.00024300000000021527,1.1046242811996336
10,h3,True,10,21,39,0.0005118749999999395,1.2344415596722729
10,h3,True,10,11,20,0.0002638749999999135,1.1140833431451682
10,h3,True,10,19,34,0.00044662500000036687,1.2099931266012263
10,h3,True,10,16,32,0.0004094160000001068,1.199161350298363
10,h3,True,10,10,19,0.000245624999999805,1.1046242811996336
10,h3,True,10,14,27,0.0003489999999999327,1.1686710420278263
10,h3,True,10,19,39,0.0005126250000007104,1.2344415596722729
10,h3,True,10,10,19,0.0002522499999999539,1.1046242811996336
10,h3,True,10,27,48,0.0006386669999995931,1.2713413155146092
10,h3,True,10,21,41,0.0005352910000002709,1.2433365439859378
10,h3,True,10,23,42,0.0005477919999998804,1.2476203436360045
10,h3,True,10,10,17,0.00022479100000083463,1.0839462429144477
10,h3,True,10,21,39,0.0005104999999998583,1.2344415596722729
10,h3,True,10,14,27,0.00035308300000025383,1.1686710420278263
10,h3,True,10,22,43,0.0005728340000006327,1.2518021746147925
10,h3,True,10,15,26,0.00034149999999932845,1.1618647289881459
10,h3,True,10,13,26,0.00033204100000006065,1.1618647289881459
10,h3,True,10,15,30,0.0003910419999995085,1.1876050666770976
10,h3,True,10,10,19,0.0002533329999998557,1.1046242811996336
10,h3,True,10,18,34,0.00044866600000048606,1.2099931266012263
10,h3,True,10,10,21,0.0002720000000007161,1.1230406650868217
10,h3,True,10,20,36,0.00047341700000025355,1.220188001146636
10,h3,True,10,14,27,0.0003559580000001006,1.1686710420278263
10,h3,True,10,15,30,0.0003919579999998035,1.1876050666770976
10,h3,True,10,18,34,0.0004451249999997131,1.2099931266012263
10,h3,True,10,10,21,0.00026916699999990357,1.1230406650868217
10,h3,True,10,11,21,0.00027541699999922287,1.1230406650868217
10,h3,True,10,15,29,0.00039620799999973144,1.1815226778193648
10,h3,True,10,27,48,0.0006402500000000089,1.2713413155146092
10,h3,True,10,18,34,0.0004490409999995393,1.2099931266012263
10,h3,True,10,22,43,0.0005672080000005408,1.2518021746147925
10,h3,True,10,17,33,0.0004248750000002133,1.2046619286106806
10,h3,True,10,22,40,0.0005325420000001913,1.2389455112080934
10,h3,True,10,11,23,0.00030483299999950475,1.1396482221756665
10,h3,True,10,16,32,0.00042041699999995075,1.199161350298363
10,h3,True,10,13,25,0.00032708299999928414,1.1547761099237874
10,h3,True,10,14,27,0.00035154199999976044,1.1686710420278263
10,h3,True,10,22,40,0.0005290000000002237,1.2389455112080934
10,h3,True,10,15,30,0.0003933749999998071,1.1876050666770976
10,h3,True,10,27,48,0.0006397910000002227,1.2713413155146092
10,h3,True,10,13,26,0.0003331250000000452,1.1618647289881459
10,h3,True,10,16,30,0.00040695900000020657,1.1876050666770976
10,h3,True,10,13,23,0.0002993749999999906,1.1396482221756665
10,h3,True,10,15,29,0.00037362499999993304,1.1815226778193648
10,h3,True,10,12,24,0.0003039170000000979,1.1473801265890193
10,h3,True,10,16,30,0.00038450000000000983,1.1876050666770976
10,h3,True,10,13,23,0.0003012080000006634,1.1396482221756665
10,h3,True,10,11,23,0.00029300000000009874,1.1396482221756665
10,h3,True,10,13,23,0.0002995420000004856,1.1396482221756665
10,h3,True,10,21,39,0.0005063749999996148,1.2344415596722729
10,h3,True,10,10,19,0.0002479160000001812,1.1046242811996336
10,h3,True,10,22,40,0.0005190830000003643,1.2389455112080934
10,h3,True,10,21,39,0.0005079160000001082,1.2344415596722729
10,h3,True,10,23,42,0.0005483340000003167,1.2476203436360045
10,h3,True,10,22,41,0.0005359580000003916,1.2433365439859378
10,h3,True,10,11,23,0.00029141699999968296,1.1396482221756665
10,h3,True,10,15,30,0.00039474999999988825,1.1876050666770976
10,h3,True,10,11,23,0.00030679199999994466,1.1396482221756665
10,h3,True,10,16,32,0.000408333000000205,1.199161350298363
10,h3,True,10,16,30,0.00039441699999986923,1.1876050666770976
10,h3,True,10,16,30,0.0003971670000000316,1.1876050666770976
10,h3,True,10,22,40,0.0005185829999998504,1.2389455112080934
10,h3,True,10,14,27,0.00035029199999936367,1.1686710420278263
10,h3,True,10,10,17,0.00022775000000052614,1.0839462429144477
10,h3,True,10,11,22,0.00028762500000034663,1.1315476594986995
10,h3,True,10,13,25,0.00032499999999924256,1.1547761099237874
10,h3,True,10,32,57,0.0007624999999995552,1.3018634193564975
10,h3,True,10,11,22,0.00028775000000003104,1.1315476594986995
10,h3,True,10,10,19,0.000245209000000024,1.1046242811996336
10,h3,True,10,25,43,0.0005622079999998419,1.2518021746147925
10,h3,True,10,10,21,0.000269624999999607,1.1230406650868217
10,h3,True,10,13,25,0.0003245420000004273,1.1547761099237874
10,h3,True,10,22,40,0.0005283340000001857,1.2389455112080934
12,h1,True,12,92,160,0.0004919580000004586,1.3707513562162421
12,h1,True,12,107,186,0.0005734999999997825,1.392474151550616
12,h1,True,12,96,165,0.0005031249999998266,1.3751830264230622
12,h1,True,12,115,194,0.000600000000000378,1.3985673924465756
12,h1,True,12,99,174,0.0005261669999994112,1.382840850611045
12,h1,True,12,89,156,0.00048187499999929884,1.3671079025568877
12,h1,True,12,117,205,0.0006253329999994506,1.4065603033844098
12,h1,True,12,103,176,0.0005506669999997271,1.384490291130502
12,h1,True,12,91,160,0.0004851670000007857,1.3707513562162421
12,h1,True,12,103,177,0.0005465420000003718,1.385308205049295
12,h1,True,12,112,192,0.0005939159999996946,1.39706719774696
12,h1,True,12,76,137,0.00040741699999991,1.3484538993098165
12,h1,True,12,107,186,0.000565542000000363,1.392474151550616
12,h1,True,12,102,176,0.0005422499999996333,1.384490291130502
12,h1,True,12,70,125,0.000375416999999878,1.3353198372547928
12,h1,True,12,94,154,0.0004795409999998057,1.3652519224957747
12,h1,True,12,88,151,0.0004582079999995159,1.3624234430255369
12,h1,True,12,88,157,0.0004673749999994925,1.3680272197045777
12,h1,True,12,76,130,0.00039854100000003,1.3409364536289488
12,h1,True,12,102,182,0.0005472080000004098,1.3893317246215235
12,h1,True,12,139,226,0.000717374999999798,1.420731808718628
12,h1,True,12,135,227,0.0007093750000004562,1.4213745473955313
12,h1,True,12,110,190,0.0005850000000000577,1.3955518085512568
12,h1,True,12,88,157,0.0005002079999991693,1.3680272197045777
12,h1,True,12,137,229,0.0007125419999995941,1.4226518871181004
12,h1,True,12,102,173,0.0005382499999999624,1.3820092193962674
12,h1,True,12,80,139,0.00041929200000012656,1.350532733849425
12,h1,True,12,112,192,0.000591166999999615,1.39706719774696
12,h1,True,12,79,139,0.00041779100000027825,1.350532733849425
12,h1,True,12,85,151,0.00045408300000016055,1.3624234430255369
12,h1,True,12,46,78,0.0002346669999999662,1.2679907552829137
12,h1,True,12,97,169,0.000514042000000714,1.378635357565361
12,h1,True,12,103,174,0.0005335000000004086,1.382840850611045
12,h1,True,12,122,211,0.0006453340000005525,1.4107471492888015
12,h1,True,12,78,138,0.00041583299999992107,1.3494970002119784
12,h1,True,12,100,171,0.000527166999999551,1.380331866605871
12,h1,True,12,76,130,0.0003967920000000902,1.3409364536289488
12,h1,True,12,76,133,0.00040599999999990644,1.3442056101610182
12,h1,True,12,81,144,0.0004281250000000014,1.3556045381933268
12,h1,True,12,88,157,0.00046716599999996333,1.3680272197045777
12,h1,True,12,92,161,0.0004907080000000619,1.3716483655015272
12,h1,True,12,85,147,0.00045262500000031736,1.3585656829803856
12,h1,True,12,104,181,0.0005511249999994305,1.3885356645240905
12,h1,True,12,103,177,0.0005472080000004098,1.385308205049295
12,h1,True,12,112,185,0.0005764580000002795,1.391694726205102
12,h1,True,12,78,137,0.00041037499999951876,1.3484538993098165
12,h1,True,12,65,114,0.00034595800000047916,1.3221435486897821
12,h1,True,12,110,187,0.0005844170000006699,1.3932495296596485
12,h1,True,12,102,176,0.0005412500000003817,1.384490291130502
12,h1,True,12,82,144,0.00043420799999971393,1.3556045381933268
12,h1,True,12,100,176,0.000534125000000607,1.384490291130502
12,h1,True,12,106,184,0.0005741659999998205,1.3909112097732246
12,h1,True,12,112,192,0.0005951249999993635,1.39706719774696
12,h1,True,12,46,78,0.00025624999999962483,1.2679907552829137
12,h1,True,12,89,153,0.00047104099999994986,1.364315108432697
12,h1,True,12,100,169,0.0005202080000001885,1.378635357565361
12,h1,True,12,89,156,0.0004776250000002591,1.3671079025568877
12,h1,True,12,73,133,0.0003966250000004834,1.3442056101610182
12,h1,True,12,90,154,0.00046908300000048087,1.3652519224957747
12,h1,True,12,82,149,0.00044287500000006474,1.360507190547458
12,h1,True,12,134,219,0.0006933339999992683,1.4161544080467152
12,h1,True,12,130,219,0.0006802079999994604,1.4161544080467152
12,h1,True,12,101,169,0.0005243750000003544,1.378635357565361
12,h1,True,12,96,167,0.0005056669999996544,1.3769192353680824
12,h1,True,12,85,147,0.0004513749999999206,1.3585656829803856
12,h1,True,12,104,181,0.0005581669999994432,1.3885356645240905
12,h1,True,12,83,143,0.0004358330000000521,1.3546040898204343
12,h1,True,12,106,180,0.0005535830000003017,1.3877353305516693
12,h1,True,12,134,219,0.0006948329999998393,1.4161544080467152
12,h1,True,12,95,167,0.0005110000000003723,1.3769192353680824
12,h1,True,12,70,120,0.0003663329999996634,1.3294781505077884
12,h1,True,12,106,183,0.0005582500000000934,1.3901235576824407
12,h1,True,12,87,153,0.00046041600000013005,1.364315108432697
12,h1,True,12,85,144,0.0004464579999998719,1.3556045381933268
12,h1,True,12,97,166,0.0005091659999996168,1.376053672012426
12,h1,True,12,93,164,0.000490583999999572,1.3743072366588258
12,h1,True,12,86,144,0.0004472079999997547,1.3556045381933268
12,h1,True,12,106,183,0.0005578330000002296,1.3901235576824407
12,h1,True,12,70,124,0.00037604099999999363,1.3341700915923478
12,h1,True,12,102,176,0.0005403749999999263,1.384490291130502
12,h1,True,12,137,229,0.0007141250000000099,1.4226518871181004
12,h1,True,12,99,170,0.0005213340000000954,1.37948603479184
12,h1,True,12,83,143,0.00043691700000003664,1.3546040898204343
12,h1,True,12,88,157,0.0004665419999998477,1.3680272197045777
12,h1,True,12,91,157,0.0004750840000005141,1.3680272197045777
12,h1,True,12,102,176,0.0005410000000001247,1.384490291130502
12,h1,True,12,100,163,0.0005244170000002768,1.3734262396298345
12,h1,True,12,106,184,0.0005666670000001872,1.3909112097732246
12,h1,True,12,142,242,0.0007505000000005424,1.4307018969492518
12,h1,True,12,81,144,0.0004336250000003261,1.3556045381933268
12,h1,True,12,86,144,0.00044466599999992695,1.3556045381933268
12,h1,True,12,145,242,0.0007522920000004873,1.4307018969492518
12,h1,True,12,75,131,0.00039291700000010366,1.3420343137700517
12,h1,True,12,108,183,0.000567334000000308,1.3901235576824407
12,h1,True,12,81,143,0.00042600000000003746,1.3546040898204343
12,h1,True,12,92,161,0.0004922919999996722,1.3716483655015272
12,h1,True,12,101,172,0.000532959000000055,1.3811729096058372
12,h1,True,12,85,151,0.0004549169999998881,1.3624234430255369
12,h1,True,12,90,154,0.00047487500000009675,1.3652519224957747
12,h1,True,12,100,163,0.000519832999999359,1.3734262396298345
12,h2,True,12,38,68,0.00030741700000014305,1.2484141341023456
12,h2,True,12,26,44,0.00019770900000004588,1.1859742195440304
12,h2,True,12,33,59,0.00026529199999991704,1.2281236139751002
12,h2,True,12,41,72,0.0003245829999993788,1.256572364096956
12,h2,True,12,17,33,0.00014320799999989475,1.144114789031517
12,h2,True,12,28,51,0.00022762499999995356,1.2072355881341341
12,h2,True,12,53,92,0.00041549999999990206,1.2915335801921772
12,h2,True,12,21,38,0.0001798339999998788,1.1647271501688778
12,h2,True,12,28,49,0.00022300000000008424,1.2014855141907135
12,h2,True,12,37,66,0.00029383300000063173,1.2441511593777026
12,h2,True,12,38,67,0.00030241700000033234,1.2462987535025953
12,h2,True,12,15,29,0.0001255410000000623,1.1250561675698418
12,h2,True,12,26,44,0.0002015840000000324,1.1859742195440304
12,h2,True,12,36,63,0.00029787500000022504,1.2375046384416342
12,h2,True,12,27,46,0.0002069159999997794,1.1923882849877208
12,h2,True,12,32,57,0.00025379199999964186,1.2231868166594908
12,h2,True,12,27,48,0.00021149999999980906,1.1985188145719676
12,h2,True,12,22,37,0.0001663750000000519,1.1608445253108548
12,h2,True,12,21,35,0.00015658399999995964,1.1527342055321523
12,h2,True,12,29,53,0.0002332909999998023,1.2127576797222241
12,h2,True,12,63,111,0.0005012499999992315,1.3183323637369493
12,h2,True,12,60,104,0.00046912499999951507,1.3090287035596253
12,h2,True,12,21,41,0.00018124999999979963,1.1757589077571775
12,h2,True,12,22,37,0.00016616700000060547,1.1608445253108548
12,h2,True,12,55,97,0.00043670800000050747,1.2990835133836116
12,h2,True,12,17,32,0.0001426670000004293,1.1395930495856073
12,h2,True,12,26,48,0.00021204199999935724,1.1985188145719676
12,h2,True,12,39,70,0.00031370800000019017,1.2525521076659745
12,h2,True,12,27,48,0.00021504200000066476,1.1985188145719676
12,h2,True,12,19,35,0.00015324999999943856,1.1527342055321523
12,h2,True,12,12,20,8.929199999929693e-05,1.0689183170691399
12,h2,True,12,21,39,0.00017733299999989072,1.1685033180066138
12,h2,True,12,52,91,0.00041012500000014995,1.289974707165174
12,h2,True,12,53,96,0.00042687499999960465,1.2976049542222778
12,h2,True,12,18,35,0.0001507499999995332,1.1527342055321523
12,h2,True,12,33,56,0.0002531669999994435,1.220651567517962
12,h2,True,12,21,35,0.00015629099999969753,1.1527342055321523
12,h2,True,12,14,27,0.00011620799999967346,1.1144279826895436
12,h2,True,12,23,43,0.00019125000000030923,1.1826522499660492
12,h2,True,12,22,37,0.00016558400000032947,1.1608445253108548
12,h2,True,12,25,44,0.0001965409999993284,1.1859742195440304
12,h2,True,12,17,32,0.00013870899999979258,1.1395930495856073
12,h2,True,12,38,70,0.00031787500000035607,1.2525521076659745
12,h2,True,12,37,66,0.00029370800000005914,1.2441511593777026
12,h2,True,12,68,112,0.0005144590000005778,1.319613928101282
12,h2,True,12,19,33,0.00014787499999968645,1.144114789031517
12,h2,True,12,19,35,0.00015433300000022854,1.1527342055321523
12,h2,True,12,28,48,0.00021741699999999753,1.1985188145719676
12,h2,True,12,36,63,0.00028224999999970635,1.2375046384416342
12,h2,True,12,18,34,0.0001488339999999866,1.1484921569454745
12,h2,True,12,39,69,0.0003102919999999898,1.2504982753402851
12,h2,True,12,19,36,0.00015704199999966306,1.1568491619273584
12,h2,True,12,38,67,0.0003011250000000132,1.2462987535025953
12,h2,True,12,12,20,9.300000000056485e-05,1.0689183170691399
12,h2,True,12,36,65,0.00031424999999973835,1.2419703310661903
12,h2,True,12,44,75,0.0003419170000000804,1.2623964511659875
12,h2,True,12,28,48,0.00021612500000056656,1.1985188145719676
12,h2,True,12,12,22,9.458300000009245e-05,1.0835452599040067
12,h2,True,12,28,49,0.00021716699999974054,1.2014855141907135
12,h2,True,12,18,34,0.00014795800000033665,1.1484921569454745
12,h2,True,12,59,101,0.0004568330000003229,1.3048502748615909
12,h2,True,12,44,75,0.0003387500000000543,1.2623964511659875
12,h2,True,12,38,67,0.0003074160000000603,1.2462987535025953
12,h2,True,12,36,67,0.0003047499999997427,1.2462987535025953
12,h2,True,12,17,32,0.00013912499999957362,1.1395930495856073
12,h2,True,12,38,70,0.00031266700000021075,1.2525521076659745
12,h2,True,12,28,52,0.0002448750000008104,1.2100239734469649
12,h2,True,12,35,63,0.00028587500000032406,1.2375046384416342
12,h2,True,12,59,101,0.0004622499999999974,1.3048502748615909
12,h2,True,12,21,41,0.00017775000000064267,1.1757589077571775
12,h2,True,12,23,39,0.00017624999999998892,1.1685033180066138
12,h2,True,12,43,73,0.00033570800000060075,1.2585404528231137
12,h2,True,12,24,45,0.00019612499999954736,1.1892183554908708
12,h2,True,12,20,36,0.00015900000000002024,1.1568491619273584
12,h2,True,12,41,73,0.00032500000000013074,1.2585404528231137
12,h2,True,12,35,59,0.0002670419999999396,1.2281236139751002
12,h2,True,12,36,59,0.00027287499999939513,1.2281236139751002
12,h2,True,12,43,73,0.0003316250000002796,1.2585404528231137
12,h2,True,12,12,22,9.591700000033399e-05,1.0835452599040067
12,h2,True,12,36,63,0.0002816660000002358,1.2375046384416342
12,h2,True,12,55,97,0.00043687500000011426,1.2990835133836116
12,h2,True,12,52,87,0.0003977080000003852,1.2835637114162495
12,h2,True,12,28,52,0.0002294169999998985,1.2100239734469649
12,h2,True,12,22,37,0.0001649170000002087,1.1608445253108548
12,h2,True,12,32,59,0.00025937499999972857,1.2281236139751002
12,h2,True,12,36,63,0.00028129200000037713,1.2375046384416342
12,h2,True,12,56,93,0.00044166699999959036,1.2930756808316368
12,h2,True,12,19,36,0.0001592089999995494,1.1568491619273584
12,h2,True,12,51,91,0.0004121250000004295,1.289974707165174
12,h2,True,12,29,51,0.0002316249999996245,1.2072355881341341
12,h2,True,12,36,59,0.0002820410000001772,1.2281236139751002
12,h2,True,12,69,118,0.0005495829999997426,1.3270741960576098
12,h2,True,12,14,27,0.00011845800000021,1.1144279826895436
12,h2,True,12,29,51,0.00023333299999972468,1.2072355881341341
12,h2,True,12,17,33,0.0001446249999998983,1.144114789031517
12,h2,True,12,25,44,0.00020212500000038602,1.1859742195440304
12,h2,True,12,45,78,0.0003636669999993458,1.2679907552829137
12,h2,True,12,19,35,0.00015650000000011488,1.1527342055321523
12,h2,True,12,30,55,0.0002517499999994399,1.2180695128601529
12,h2,True,12,56,93,0.00045616700000028487,1.2930756808316368
12,h3,True,12,30,54,0.0007124160000007151,1.2154388524306143
12,h3,True,12,25,43,0.0005599999999992278,1.1826522499660492
12,h3,True,12,26,50,0.0006445839999997816,1.204390243746758
12,h3,True,12,28,51,0.0006735830000001997,1.2072355881341341
12,h3,True,12,17,33,0.00042579200000059103,1.144114789031517
12,h3,True,12,26,48,0.0006479590000001423,1.1985188145719676
12,h3,True,12,38,68,0.0009159169999994887,1.2484141341023456
12,h3,True,12,21,38,0.0004891249999996461,1.1647271501688778
12,h3,True,12,24,43,0.0005720409999998566,1.1826522499660492
12,h3,True,12,17,31,0.0004089999999994376,1.134916947519534
12,h3,True,12,29,52,0.0006907499999995181,1.2100239734469649
12,h3,True,12,14,27,0.0003594170000003061,1.1144279826895436
12,h3,True,12,25,43,0.0005588750000002918,1.1826522499660492
12,h3,True,12,15,28,0.0003651669999999996,1.119845477076764
12,h3,True,12,14,27,0.00035824999999967133,1.1144279826895436
12,h3,True,12,31,55,0.0007254999999997125,1.2180695128601529
12,h3,True,12,27,48,0.0006407499999996347,1.1985188145719676
12,h3,True,12,16,28,0.0003691250000006363,1.119845477076764
12,h3,True,12,15,26,0.0003605829999999699,1.1087863981662553
12,h3,True,12,27,51,0.0006789999999998741,1.2072355881341341
12,h3,True,12,51,91,0.0011960410000000365,1.289974707165174
12,h3,True,12,40,71,0.0009169590000004391,1.254576520394267
12,h3,True,12,19,38,0.0004887909999995443,1.1647271501688778
12,h3,True,12,16,28,0.0003690419999999861,1.119845477076764
12,h3,True,12,45,80,0.001041207999999294,1.27160153560227
12,h3,True,12,17,32,0.00040037499999989734,1.1395930495856073
12,h3,True,12,26,48,0.0006196659999995191,1.1985188145719676
12,h3,True,12,25,48,0.0006150839999996549,1.1985188145719676
12,h3,True,12,25,45,0.0005909580000000858,1.1892183554908708
12,h3,True,12,14,28,0.00035920799999988873,1.119845477076764
12,h3,True,12,12,20,0.00026370900000038944,1.0689183170691399
12,h3,True,12,21,39,0.0004949579999999898,1.1685033180066138
12,h3,True,12,31,57,0.000749875000000344,1.2231868166594908
12,h3,True,12,37,70,0.0009136669999998404,1.2525521076659745
12,h3,True,12,18,35,0.00045229200000029834,1.1527342055321523
12,h3,True,12,20,35,0.0004561250000003625,1.1527342055321523
12,h3,True,12,15,26,0.0003367500000006629,1.1087863981662553
12,h3,True,12,14,27,0.0003508329999997173,1.1144279826895436
12,h3,True,12,16,32,0.0004147080000000969,1.1395930495856073
12,h3,True,12,16,28,0.00036120899999936285,1.119845477076764
12,h3,True,12,21,38,0.0004962080000003866,1.1647271501688778
12,h3,True,12,13,26,0.00033487500000006776,1.1087863981662553
12,h3,True,12,32,60,0.0007793750000004707,1.2305282977733465
12,h3,True,12,17,31,0.0004478329999999531,1.134916947519534
12,h3,True,12,52,89,0.0011827089999991713,1.2868051148769801
12,h3,True,12,19,33,0.00043483399999999506,1.144114789031517
12,h3,True,12,17,32,0.0004179170000000454,1.1395930495856073
12,h3,True,12,28,48,0.0006274580000003027,1.1985188145719676
12,h3,True,12,15,28,0.00035612499999970737,1.119845477076764
12,h3,True,12,18,34,0.00043545900000019344,1.1484921569454745
12,h3,True,12,38,68,0.0008939999999997283,1.2484141341023456
12,h3,True,12,15,30,0.0003786659999995834,1.1300754187861513
12,h3,True,12,29,52,0.0006733329999999427,1.2100239734469649
12,h3,True,12,12,20,0.0002627080000001669,1.0689183170691399
12,h3,True,12,20,39,0.0005072919999999925,1.1685033180066138
12,h3,True,12,40,69,0.0009014169999996824,1.2504982753402851
12,h3,True,12,25,45,0.0005835419999993263,1.1892183554908708
12,h3,True,12,12,22,0.000280333000000077,1.0835452599040067
12,h3,True,12,24,43,0.000565041999999849,1.1826522499660492
12,h3,True,12,18,34,0.0004485419999999962,1.1484921569454745
12,h3,True,12,45,77,0.0010063329999994153,1.266150372276201
12,h3,True,12,37,64,0.0008298749999999799,1.2397551983988362
12,h3,True,12,29,51,0.0006775839999999533,1.2072355881341341
12,h3,True,12,23,42,0.0005394589999996313,1.1792485465056175
12,h3,True,12,13,26,0.00032720900000082764,1.1087863981662553
12,h3,True,12,32,60,0.0007852079999999262,1.2305282977733465
12,h3,True,12,21,39,0.0005112079999998187,1.1685033180066138
12,h3,True,12,31,56,0.0007256660000001247,1.220651567517962
12,h3,True,12,45,77,0.0010130830000001367,1.266150372276201
12,h3,True,12,21,41,0.0005249999999996646,1.1757589077571775
12,h3,True,12,23,39,0.0005417909999998471,1.1685033180066138
12,h3,True,12,21,38,0.0005008330000002559,1.1647271501688778
12,h3,True,12,23,42,0.0005367920000001192,1.1792485465056175
12,h3,True,12,20,36,0.0004554170000004021,1.1568491619273584
12,h3,True,12,33,59,0.0007842499999997088,1.2281236139751002
12,h3,True,12,35,59,0.0007737089999997337,1.2281236139751002
12,h3,True,12,34,56,0.000740083000000169,1.220651567517962
12,h3,True,12,21,38,0.0005015830000001387,1.1647271501688778
12,h3,True,12,12,22,0.00028770800000010865,1.0835452599040067
12,h3,True,12,15,28,0.0003568329999996678,1.119845477076764
12,h3,True,12,45,80,0.0010407499999995906,1.27160153560227
12,h3,True,12,37,67,0.0008882500000000348,1.2462987535025953
12,h3,True,12,21,39,0.0005125000000001378,1.1685033180066138
12,h3,True,12,16,28,0.00036274999999985624,1.119845477076764
12,h3,True,12,27,51,0.0006689169999996025,1.2072355881341341
12,h3,True,12,15,28,0.0003570840000000075,1.119845477076764
12,h3,True,12,56,93,0.0012414999999998955,1.2930756808316368
12,h3,True,12,15,30,0.00037658300000043,1.1300754187861513
12,h3,True,12,40,74,0.0009713329999998521,1.2604815661626185
12,h3,True,12,27,48,0.0006333329999996806,1.1985188145719676
12,h3,True,12,34,56,0.0007402909999996155,1.220651567517962
12,h3,True,12,46,82,0.0010814159999998907,1.2751229448872432
12,h3,True,12,12,24,0.0003106669999999312,1.0967501333774994
12,h3,True,12,22,39,0.0005048749999998492,1.1685033180066138
12,h3,True,12,16,30,0.00038225000000036147,1.1300754187861513
12,h3,True,12,21,38,0.0004929999999996326,1.1647271501688778
12,h3,True,12,22,38,0.0005034579999998456,1.1647271501688778
12,h3,True,12,14,28,0.00036370800000007364,1.119845477076764
12,h3,True,12,30,55,0.0007183340000000982,1.2180695128601529
12,h3,True,12,56,93,0.0012472500000004771,1.2930756808316368
14,h1,True,14,252,414,0.0013689169999997475,1.408331864223579
14,h1,True,14,196,324,0.0010250829999991495,1.3787888790347314
14,h1,True,14,204,353,0.0011146249999995916,1.3890954527517563
14,h1,True,14,245,409,0.0013912910000000167,1.4068619937262898
14,h1,True,14,259,429,0.0015082499999996557,1.4126407152572416
14,h1,True,14,346,568,0.0018357499999996918,1.4468118612729586
14,h1,True,14,221,372,0.0011783329999994763,1.3954115817823038
14,h1,True,14,227,378,0.0012000419999997902,1.3973413090789042
14,h1,True,14,316,515,0.0016625420000000446,1.4348455222812873
14,h1,True,14,294,480,0.001545958000000347,1.4262748337619593
14,h1,True,14,234,384,0.0012188339999994469,1.399241598817785
14,h1,True,14,243,402,0.0012777499999998554,1.4047747189198847
14,h1,True,14,232,388,0.0012261659999994734,1.4004925546903917
14,h1,True,14,297,485,0.0015597919999992271,1.4275353822041135
14,h1,True,14,194,326,0.001025708000000236,1.3795279010149772
14,h1,True,14,261,434,0.0013843749999997712,1.4140447058840024
14,h1,True,14,211,356,0.001123082999999525,1.390114329232604
14,h1,True,14,207,350,0.0011025829999997683,1.3880681434321382
14,h1,True,14,206,333,0.0010711250000001726,1.382080236473593
14,h1,True,14,209,349,0.0010984589999996075,1.387723808136471
14,h1,True,14,254,415,0.0013359579999994153,1.408623778153859
14,h1,True,14,309,507,0.0016263749999998467,1.4329370813836917
14,h1,True,14,267,437,0.0013963749999996722,1.4148796217551798
14,h1,True,14,214,361,0.00112954200000015,1.391794098379354
14,h1,True,14,216,360,0.0011403749999994162,1.3914599566249133
14,h1,True,14,290,474,0.0015180829999996703,1.4247453631780957
14,h1,True,14,246,403,0.0012952090000002414,1.4050750429638321
14,h1,True,14,208,347,0.001093457999999714,1.3870322566349533
14,h1,True,14,136,227,0.0007084170000002388,1.336257004120621
14,h1,True,14,196,319,0.0010215840000000753,1.3769217495012995
14,h1,True,14,250,409,0.0013111670000007791,1.4068619937262898
14,h1,True,14,192,313,0.0010254999999999015,1.3746432700793414
14,h1,True,14,196,323,0.0010270830000003173,1.378417704045055
14,h1,True,14,261,433,0.001385625000000168,1.4137651617951907
14,h1,True,14,230,381,0.00120904200000016,1.398295075871638
14,h1,True,14,217,359,0.001143582999999282,1.3911249138597794
14,h1,True,14,200,335,0.001056000000000168,1.3827999067004728
14,h1,True,14,255,423,0.0013522500000000548,1.4109349128482083
14,h1,True,14,299,486,0.001563666000000019,1.427785988507635
14,h1,True,14,245,411,0.0012956250000000225,1.4074520153613066
14,h1,True,14,171,285,0.000894541000000082,1.3634149148132808
14,h1,True,14,257,420,0.0013471250000005597,1.4100732264338376
14,h1,True,14,258,419,0.0013536670000000584,1.4097846756121069
14,h1,True,14,192,324,0.0010216659999997546,1.3787888790347314
14,h1,True,14,193,335,0.0010382079999997629,1.3827999067004728
14,h1,True,14,214,355,0.001134083999999369,1.389775631944476
14,h1,True,14,246,404,0.0012969160000002589,1.4053746471792956
14,h1,True,14,226,381,0.0011969589999996089,1.398295075871638
14,h1,True,14,281,464,0.0014795840000001448,1.4221542793006523
14,h1,True,14,230,384,0.0012185000000002333,1.399241598817785
14,h1,True,14,203,338,0.0010771250000001231,1.3838716274618994
14,h1,True,14,287,475,0.001527750000000161,1.4250015662884303
14,h1,True,14,321,537,0.0017039580000002275,1.4399502272723272
14,h1,True,14,281,456,0.0014679170000002628,1.4200423405183886
14,h1,True,14,232,388,0.0012328750000003552,1.4004925546903917
14,h1,True,14,211,347,0.0011048329999994166,1.3870322566349533
14,h1,True,14,245,401,0.0012845830000003389,1.4044736714835913
14,h1,True,14,255,419,0.001347499999999613,1.4097846756121069
14,h1,True,14,211,354,0.0011166249999998712,1.3894360081912493
14,h1,True,14,289,474,0.0015238750000001744,1.4247453631780957
14,h1,True,14,219,369,0.0011612080000000802,1.3944353831669383
14,h1,True,14,213,357,0.0011214999999999975,1.3904521052327157
14,h1,True,14,264,439,0.0014002499999996587,1.415433163421802
14,h1,True,14,208,347,0.0010969580000006474,1.3870322566349533
14,h1,True,14,242,395,0.0012803750000003333,1.4026519926474599
14,h1,True,14,221,357,0.001150291000000081,1.3904521052327157
14,h1,True,14,295,484,0.001551499999999706,1.4272842775091967
14,h1,True,14,216,367,0.0011506250000001828,1.3937803028048563
14,h1,True,14,302,498,0.00160316699999985,1.4307551164474535
14,h1,True,14,298,494,0.0015762090000004392,1.4297731379154985
14,h1,True,14,309,507,0.0016326659999998938,1.4329370813836917
14,h1,True,14,241,407,0.001289625000000072,1.4062691760979398
14,h1,True,14,203,341,0.001091915999999138,1.38493415301203
14,h1,True,14,230,377,0.001199415999999509,1.39702175729954
14,h1,True,14,289,474,0.001513207999999544,1.4247453631780957
14,h1,True,14,216,355,0.0011358750000001194,1.389775631944476
14,h1,True,14,235,393,0.0012442910000007856,1.4020388132568544
14,h1,True,14,228,382,0.001236000000000459,1.3986113827988556
14,h1,True,14,208,357,0.0011209999999994835,1.3904521052327157
14,h1,True,14,198,332,0.001040000000000596,1.3817188257866548
14,h1,True,14,306,498,0.0016042499999997517,1.4307551164474535
14,h1,True,14,279,461,0.0014726669999998165,1.421366447953658
14,h1,True,14,182,309,0.0009749589999996644,1.3731005627994164
14,h1,True,14,245,401,0.001275167000000188,1.4044736714835913
14,h1,True,14,251,414,0.0013180829999992483,1.408331864223579
14,h1,True,14,277,456,0.001517707999999729,1.4200423405183886
14,h1,True,14,243,397,0.0012880419999996562,1.403262175596303
14,h1,True,14,306,505,0.0016179160000007187,1.4324554418608804
14,h1,True,14,217,362,0.0011515419999996723,1.3921273440870765
14,h1,True,14,224,382,0.0011974160000001177,1.3986113827988556
14,h1,True,14,221,372,0.0011730409999994862,1.3954115817823038
14,h1,True,14,193,335,0.0010388749999998836,1.3827999067004728
14,h1,True,14,244,404,0.0012867920000001476,1.4053746471792956
14,h1,True,14,309,507,0.0016266249999992155,1.4329370813836917
14,h1,True,14,222,371,0.0011707909999998378,1.3950870323678881
14,h1,True,14,332,539,0.0017692910000004503,1.440404267219626
14,h1,True,14,317,522,0.001669957999999916,1.4364921437788571
14,h1,True,14,262,435,0.0013835420000001264,1.4143236286885674
14,h1,True,14,166,276,0.000866999999999507,1.3595764471737803
14,h1,True,14,192,313,0.0010116249999994054,1.3746432700793414
14,h2,True,14,91,153,0.0007021250000001089,1.289420689025695
14,h2,True,14,26,43,0.0001986249999994527,1.1376203085451122
14,h2,True,14,40,70,0.00031487499999993673,1.1965734753958004
14,h2,True,14,66,111,0.0005083340000000547,1.251410379949414
14,h2,True,14,78,135,0.0006145000000001843,1.2745959596857674
14,h2,True,14,157,258,0.0012013330000000266,1.3515186245341138
14,h2,True,14,55,97,0.00043725000000005565,1.235422630836088
14,h2,True,14,60,102,0.0004702920000001498,1.2413859243154306
14,h2,True,14,101,172,0.0007896660000001887,1.3032947481186583
14,h2,True,14,88,151,0.0006912090000001925,1.287861854317593
14,h2,True,14,29,50,0.00022449999999984982,1.156036352517225
14,h2,True,14,76,126,0.0005867500000000803,1.2664254489231475
14,h2,True,14,66,114,0.0005244170000002768,1.2545703927853875
14,h2,True,14,82,138,0.0006375840000005795,1.2771988372465595
14,h2,True,14,20,35,0.00015591600000064432,1.1121419844022684
14,h2,True,14,105,176,0.000817624999999822,1.306021276517046
14,h2,True,14,46,78,0.0003579589999995747,1.2094959353411152
14,h2,True,14,22,42,0.00018608300000000355,1.1347295956742331
14,h2,True,14,54,91,0.00041658299999980386,1.2278405189726391
14,h2,True,14,53,92,0.00042087499999965416,1.229138881192764
14,h2,True,14,115,191,0.0008899169999994072,1.315727276696884
14,h2,True,14,90,156,0.0007119169999993957,1.2917213643683954
14,h2,True,14,71,118,0.0005424169999992401,1.2586559582820804
14,h2,True,14,76,129,0.0005896659999997667,1.269212110073278
14,h2,True,14,49,89,0.0003962920000004644,1.2251996280260808
14,h2,True,14,133,228,0.0010430420000000495,1.336780404492294
14,h2,True,14,36,61,0.00027737499999958004,1.1800685009082126
14,h2,True,14,70,118,0.000537291999999745,1.2586559582820804
14,h2,True,14,14,23,0.00010279199999985167,1.0584327001968226
14,h2,True,14,53,85,0.00039850000000019037,1.2197312710318249
14,h2,True,14,91,152,0.0007035420000001125,1.2886438213591473
14,h2,True,14,23,41,0.00018091699999978061,1.1317638375471897
14,h2,True,14,29,51,0.0002295420000004711,1.1584411678941597
14,h2,True,14,50,86,0.0003937079999998261,1.221122614748972
14,h2,True,14,48,82,0.000373542000000171,1.2154545573237079
14,h2,True,14,60,96,0.00045424999999976734,1.2341926190317998
14,h2,True,14,33,57,0.0002580830000002976,1.1718991045334053
14,h2,True,14,91,156,0.0007137080000001461,1.2917213643683954
14,h2,True,14,106,174,0.0008065420000002987,1.3046657651714981
14,h2,True,14,63,110,0.0005004999999993487,1.2503378866435497
14,h2,True,14,31,52,0.00023408299999960747,1.1607965900476747
14,h2,True,14,32,57,0.00025525000000037323,1.1718991045334053
14,h2,True,14,24,45,0.00019791700000038048,1.1431912553246746
14,h2,True,14,38,64,0.0002955000000000041,1.1858364492085798
14,h2,True,14,37,65,0.00029233299999997797,1.187696723155927
14,h2,True,14,52,85,0.0003932080000002003,1.2197312710318249
14,h2,True,14,88,153,0.00069549999999996,1.289420689025695
14,h2,True,14,68,119,0.0005387500000004763,1.2596555903936695
14,h2,True,14,78,128,0.0005937499999992824,1.2682905010500862
14,h2,True,14,24,43,0.0001980420000000649,1.1376203085451122
14,h2,True,14,30,53,0.00023629200000030437,1.1631046279110833
14,h2,True,14,125,205,0.0009592920000001115,1.324130279283453
14,h2,True,14,98,162,0.0007556669999999599,1.2961937417506295
14,h2,True,14,136,229,0.0010597499999995819,1.337301557945131
14,h2,True,14,50,84,0.0003861669999993822,1.2183230958099394
14,h2,True,14,62,108,0.0005067920000003667,1.2481630812713163
14,h2,True,14,84,145,0.0006589580000007089,1.2830590056487186
14,h2,True,14,79,135,0.0006152919999999895,1.2745959596857674
14,h2,True,14,54,94,0.0004290000000004568,1.2316930753231832
14,h2,True,14,75,130,0.0005928750000006033,1.2701265943486395
14,h2,True,14,44,77,0.0003475000000001671,1.207957245146556
14,h2,True,14,55,90,0.0004167090000004592,1.2265275474301776
14,h2,True,14,97,162,0.0007462089999998867,1.2961937417506295
14,h2,True,14,81,138,0.0006305419999996786,1.2771988372465595
14,h2,True,14,61,104,0.00047599999999992093,1.2436887585452832
14,h2,True,14,36,64,0.00028816599999981207,1.1858364492085798
14,h2,True,14,84,138,0.0006360000000000809,1.2771988372465595
14,h2,True,14,59,100,0.0004589579999993987,1.2390369273121338
14,h2,True,14,82,131,0.0006149999999998101,1.2710340654444043
14,h2,True,14,94,159,0.0007281250000001904,1.2939784977841042
14,h2,True,14,90,156,0.0007109160000000614,1.2917213643683954
14,h2,True,14,69,120,0.000545875000000251,1.2606468181033028
14,h2,True,14,40,70,0.00035162500000041064,1.1965734753958004
14,h2,True,14,53,90,0.00041145800000030874,1.2265275474301776
14,h2,True,14,114,192,0.0008848750000005623,1.316347312897876
14,h2,True,14,52,88,0.0004034160000001563,1.223856410283703
14,h2,True,14,65,112,0.0005117920000001774,1.252473178166674
14,h2,True,14,65,114,0.0005177500000002055,1.2545703927853875
14,h2,True,14,41,72,0.00032416700000048593,1.1999417404690877
14,h2,True,14,59,101,0.0004616250000006872,1.2402173137369679
14,h2,True,14,92,154,0.0007188329999996412,1.2901925248424289
14,h2,True,14,80,134,0.0006206249999998192,1.2737154766524874
14,h2,True,14,28,51,0.00022716700000025014,1.1584411678941597
14,h2,True,14,84,145,0.0006604169999997467,1.2830590056487186
14,h2,True,14,96,163,0.000743499999999564,1.2969231197580977
14,h2,True,14,114,193,0.0008863329999995173,1.3169641724975447
14,h2,True,14,28,51,0.0002265829999998914,1.1584411678941597
14,h2,True,14,75,131,0.0005967920000005122,1.2710340654444043
14,h2,True,14,54,98,0.00043725000000005565,1.2366398419134987
14,h2,True,14,39,66,0.000301624999999639,1.1895274862191725
14,h2,True,14,40,70,0.0003177079999998611,1.1965734753958004
14,h2,True,14,37,65,0.00029045900000035374,1.187696723155927
14,h2,True,14,83,140,0.0006423749999999728,1.2789028898256527
14,h2,True,14,90,156,0.0007151250000001497,1.2917213643683954
14,h2,True,14,44,80,0.0003582920000004819,1.2125134481852862
14,h2,True,14,139,232,0.0010772079999998851,1.338851732326447
14,h2,True,14,106,182,0.0008359579999996924,1.3099982630199727
14,h2,True,14,93,157,0.0007177919999996618,1.292478496573672
14,h2,True,14,30,50,0.00022395800000030164,1.156036352517225
14,h2,True,14,23,41,0.00018024999999965985,1.1317638375471897
14,h3,True,14,72,126,0.0016375420000001029,1.2664254489231475
14,h3,True,14,20,34,0.00043479099999998994,1.1085164125231302
14,h3,True,14,33,60,0.0007762499999994787,1.1780798594719872
14,h3,True,14,50,87,0.00112054199999978,1.2224975312211082
14,h3,True,14,65,120,0.0015439580000000674,1.2606468181033028
14,h3,True,14,122,206,0.002694458000000566,1.3247086807276882
14,h3,True,14,38,68,0.0008746669999997181,1.1931041730886958
14,h3,True,14,44,78,0.001012459000000021,1.2094959353411152
14,h3,True,14,58,101,0.0013001670000001297,1.2402173137369679
14,h3,True,14,65,112,0.0014317080000001425,1.252473178166674
14,h3,True,14,23,40,0.0005010409999997023,1.128719002215067
14,h3,True,14,51,91,0.0011792919999997764,1.2278405189726391
14,h3,True,14,44,78,0.0010268750000008708,1.2094959353411152
14,h3,True,14,53,92,0.0011825829999994042,1.229138881192764
14,h3,True,14,15,26,0.0003367089999999351,1.0744132338187695
14,h3,True,14,76,137,0.0017649579999998721,1.2763375440119487
14,h3,True,14,25,43,0.0005405409999994504,1.1376203085451122
14,h3,True,14,19,36,0.00045716700000042465,1.115655771137276
14,h3,True,14,37,65,0.0008284170000001367,1.187696723155927
14,h3,True,14,48,85,0.0011057089999999548,1.2197312710318249
14,h3,True,14,71,119,0.0015455839999996002,1.2596555903936695
14,h3,True,14,74,129,0.0016592080000004117,1.269212110073278
14,h3,True,14,65,109,0.0014125409999996563,1.2492555161745686
14,h3,True,14,36,62,0.0008168339999992114,1.1820233953323154
14,h3,True,14,26,49,0.0006361670000005759,1.153580004592774
14,h3,True,14,101,167,0.0021970830000004327,1.2997969245425849
14,h3,True,14,22,38,0.00047424999999989836,1.1223742700987969
14,h3,True,14,40,70,0.0009226249999993996,1.1965734753958004
14,h3,True,14,14,23,0.00029729199999994904,1.0584327001968226
14,h3,True,14,30,51,0.0006683750000000543,1.1584411678941597
14,h3,True,14,51,89,0.0011935830000000536,1.2251996280260808
14,h3,True,14,23,41,0.0005085409999994184,1.1317638375471897
14,h3,True,14,27,48,0.0006204580000002125,1.1510698429014639
14,h3,True,14,49,85,0.0010937499999998934,1.2197312710318249
14,h3,True,14,43,76,0.0009740410000000921,1.206397873138381
14,h3,True,14,60,96,0.0012604169999992365,1.2341926190317998
14,h3,True,14,32,56,0.0007058749999995229,1.1697627799394805
14,h3,True,14,75,130,0.0016948750000000956,1.2701265943486395
14,h3,True,14,80,130,0.001690499999999595,1.2701265943486395
14,h3,True,14,51,93,0.0012321249999995842,1.2304229612285797
14,h3,True,14,24,40,0.0005085830000002289,1.128719002215067
14,h3,True,14,32,57,0.0007281249999984141,1.1718991045334053
14,h3,True,14,19,36,0.00044762499999961847,1.115655771137276
14,h3,True,14,37,62,0.0008109159999989402,1.1820233953323154
14,h3,True,14,31,56,0.0007253750000000281,1.1697627799394805
14,h3,True,14,52,85,0.0011197920000007855,1.2197312710318249
14,h3,True,14,72,121,0.0015837090000001552,1.261629784346351
14,h3,True,14,37,67,0.0008677079999994675,1.1913296726747107
14,h3,True,14,65,109,0.0014141250000001548,1.2492555161745686
14,h3,True,14,24,43,0.0005394580000004368,1.1376203085451122
14,h3,True,14,26,47,0.0005965840000001776,1.1485034315302816
14,h3,True,14,82,143,0.0018764999999998366,1.281413965623154
14,h3,True,14,58,100,0.001289124999999558,1.2390369273121338
14,h3,True,14,101,166,0.0021842499999991105,1.2990849223162542
14,h3,True,14,32,58,0.0007370830000006379,1.1739964634323337
14,h3,True,14,35,62,0.0008222920000005018,1.1820233953323154
14,h3,True,14,61,104,0.0013649170000000765,1.2436887585452832
14,h3,True,14,52,89,0.0011470419999994874,1.2251996280260808
14,h3,True,14,50,85,0.001096583000000706,1.2197312710318249
14,h3,True,14,57,97,0.0012335829999994274,1.235422630836088
14,h3,True,14,36,64,0.000803499999999957,1.1858364492085798
14,h3,True,14,33,56,0.0007443340000001797,1.1697627799394805
14,h3,True,14,69,120,0.001559791999998339,1.2606468181033028
14,h3,True,14,43,78,0.0010186660000002234,1.2094959353411152
14,h3,True,14,60,102,0.0013347919999997515,1.2413859243154306
14,h3,True,14,27,48,0.0006217919999986776,1.1510698429014639
14,h3,True,14,63,107,0.0013828330000009714,1.2470603892661973
14,h3,True,14,54,91,0.0011736669999997673,1.2278405189726391
14,h3,True,14,75,117,0.001539833000000712,1.257647775076319
14,h3,True,14,61,107,0.0014036250000000194,1.2470603892661973
14,h3,True,14,74,129,0.0016572919999990887,1.269212110073278
14,h3,True,14,46,84,0.0010884170000000637,1.2183230958099394
14,h3,True,14,31,55,0.0007092499999998836,1.1675859957237686
14,h3,True,14,35,65,0.0008421249999983615,1.187696723155927
14,h3,True,14,89,157,0.002071667000000943,1.292478496573672
14,h3,True,14,44,76,0.0009863339999984788,1.206397873138381
14,h3,True,14,49,84,0.0010718750000009436,1.2183230958099394
14,h3,True,14,56,96,0.0012301660000009207,1.2341926190317998
14,h3,True,14,24,47,0.0006031670000012923,1.1485034315302816
14,h3,True,14,32,57,0.0007262919999995177,1.1718991045334053
14,h3,True,14,60,103,0.001321958000000123,1.2425429959758572
14,h3,True,14,44,78,0.0009755829999988919,1.2094959353411152
14,h3,True,14,22,41,0.0005295829999987234,1.1317638375471897
14,h3,True,14,61,104,0.001362999999999559,1.2436887585452832
14,h3,True,14,80,137,0.0017998329999997509,1.2763375440119487
14,h3,True,14,78,131,0.0017072089999992102,1.2710340654444043
14,h3,True,14,24,45,0.0005602920000011835,1.1431912553246746
14,h3,True,14,51,92,0.0011609169999999835,1.229138881192764
14,h3,True,14,30,57,0.0007455410000005713,1.1718991045334053
14,h3,True,14,39,66,0.0008574580000004772,1.1895274862191725
14,h3,True,14,34,60,0.0007694170000007716,1.1780798594719872
14,h3,True,14,31,56,0.0007282499999998748,1.1697627799394805
14,h3,True,14,65,110,0.0014195410000006348,1.2503378866435497
14,h3,True,14,74,129,0.0016601250000007894,1.269212110073278
14,h3,True,14,39,71,0.000902040999999798,1.1982698630153865
14,h3,True,14,99,166,0.0021936660000001496,1.2990849223162542
14,h3,True,14,84,144,0.0018551660000003523,1.282239331845123
14,h3,True,14,62,108,0.0014151250000011828,1.2481630812713163
14,h3,True,14,15,26,0.000334290999999709,1.0744132338187695
14,h3,True,14,23,41,0.0005076249999991234,1.1317638375471897
16,h1,True,16,508,813,0.002846834000001408,1.4069990006597624
16,h1,True,16,471,773,0.0025061250000000257,1.4017815049227909
16,h1,True,16,533,860,0.0028462919999991954,1.4128210912805743
16,h1,True,16,621,995,0.003313499999999081,1.4279773762211279
16,h1,True,16,578,931,0.0030591669999999738,1.421057377839865
16,h1,True,16,650,1058,0.0036013330000006505,1.4343818548867784
16,h1,True,16,614,1002,0.0033954579999999623,1.4287080100909626
16,h1,True,16,695,1143,0.0038147920000000113,1.4424633590072884
16,h1,True,16,455,747,0.0024218749999995737,1.3982480233199612
16,h1,True,16,731,1187,0.003988124999999343,1.4464219491639372
16,h1,True,16,468,768,0.0024840829999988046,1.401111020617527
16,h1,True,16,609,988,0.003246332999999879,1.4272417655966891
16,h1,True,16,529,878,0.0028617079999992967,1.4149696716419817
16,h1,True,16,582,929,0.0030760829999998407,1.4208338017389135
16,h1,True,16,503,815,0.0026542919999990033,1.4072533073784568
16,h1,True,16,578,938,0.0030697090000000316,1.4218362579404769
16,h1,True,16,589,967,0.0031381249999995475,1.4250043656937095
16,h1,True,16,537,879,0.002849458000000027,1.4150877852083088
16,h1,True,16,518,842,0.0027474170000001408,1.4106285828783074
16,h1,True,16,703,1152,0.0038632080000002844,1.4432848710780228
16,h1,True,16,567,919,0.0030061249999988604,1.4197089009046335
16,h1,True,16,349,561,0.0018264170000001911,1.3688160743631403
16,h1,True,16,485,797,0.0025852500000009826,1.4049424756031388
16,h1,True,16,621,1006,0.003391790999998534,1.4291233071341525
16,h1,True,16,570,938,0.003042250000000024,1.4218362579404769
16,h1,True,16,610,975,0.0032196669999997596,1.4258621880863047
16,h1,True,16,555,911,0.0029576670000004412,1.4188004343117782
16,h1,True,16,634,1039,0.003474458000001235,1.4324899619861307
16,h1,True,16,689,1117,0.0037655420000000106,1.44005461885369
16,h1,True,16,807,1323,0.004462834000001692,1.4578211323303694
16,h1,True,16,478,773,0.0025422090000013498,1.4017815049227909
16,h1,True,16,604,980,0.0031948750000001525,1.426394883894765
16,h1,True,16,762,1238,0.004143499999999634,1.4508372495944344
16,h1,True,16,708,1143,0.003870416999999904,1.4424633590072884
16,h1,True,16,834,1359,0.00456750000000028,1.4606497428688754
16,h1,True,16,507,832,0.002721457999999899,1.4093908540900766
16,h1,True,16,762,1234,0.004150041999999132,1.450497337888088
16,h1,True,16,466,763,0.0024902919999991724,1.4004362953031828
16,h1,True,16,727,1185,0.003991415999999859,1.4462451020319662
16,h1,True,16,540,871,0.002856541999999962,1.4141392173065612
16,h1,True,16,493,800,0.002665416999999337,1.405331099814676
16,h1,True,16,690,1126,0.0037818340000015382,1.4408944698409432
16,h1,True,16,589,967,0.0031361250000010443,1.4250043656937095
16,h1,True,16,482,784,0.00255950000000027,1.4032419078379417
16,h1,True,16,506,815,0.002667833000000286,1.4072533073784568
16,h1,True,16,683,1112,0.003760041999999686,1.4395852134275642
16,h1,True,16,507,832,0.0027450410000007253,1.4093908540900766
16,h1,True,16,587,954,0.0031868750000008106,1.4235956843460142
16,h1,True,16,612,1001,0.0034328329999997464,1.428603935909841
16,h1,True,16,592,980,0.003336666999999238,1.426394883894765
16,h1,True,16,706,1154,0.003938624999999973,1.4434665896629442
16,h1,True,16,528,847,0.002840500000001356,1.4112421254553644
16,h1,True,16,523,849,0.0028569160000007088,1.4114865622545913
16,h1,True,16,684,1125,0.0038308750000002334,1.440801473068901
16,h1,True,16,396,648,0.002143667000000349,1.3836042401809001
16,h1,True,16,575,919,0.0030873749999997813,1.4197089009046335
16,h1,True,16,491,795,0.0026574999999997573,1.4046826053788761
16,h1,True,16,666,1081,0.00371595799999902,1.4366286936333257
16,h1,True,16,541,892,0.0029506250000004286,1.4166115543310034
16,h1,True,16,552,894,0.0029774160000002325,1.4168440734587908
16,h1,True,16,543,880,0.0029518750000008254,1.415205768966378
16,h1,True,16,613,987,0.0033079580000006104,1.4271362680360156
16,h1,True,16,582,953,0.003148458000000076,1.4234865579156506
16,h1,True,16,471,769,0.0026420419999997335,1.4012454550081666
16,h1,True,16,778,1280,0.0042746250000007535,1.4543438689714039
16,h1,True,16,690,1117,0.003780374999999836,1.44005461885369
16,h1,True,16,563,922,0.002998249999999203,1.4200476076168598
16,h1,True,16,561,908,0.0029810829999998845,1.4184577711030126
16,h1,True,16,441,715,0.002325792000000604,1.3937317835402205
16,h1,True,16,527,855,0.002797999999998524,1.4122165457018139
16,h1,True,16,465,746,0.0024487500000009987,1.398109752780531
16,h1,True,16,587,960,0.0031645830000002206,1.4242481328842733
16,h1,True,16,716,1165,0.00393883299999942,1.444460652226443
16,h1,True,16,733,1206,0.004025125000000074,1.4480878334749803
16,h1,True,16,511,827,0.002703333000001251,1.408766583201217
16,h1,True,16,413,682,0.0021949160000005463,1.388864322833201
16,h1,True,16,866,1425,0.004780124999999913,1.4656533728985668
16,h1,True,16,476,771,0.0025247499999991874,1.4015138166263053
16,h1,True,16,541,874,0.002863333000000523,1.41449591341875
16,h1,True,16,672,1093,0.0036667920000006404,1.4377827290920004
16,h1,True,16,416,680,0.0022085000000000576,1.388562027564805
16,h1,True,16,484,799,0.0025939160000003625,1.4052017153727396
16,h1,True,16,475,765,0.0025095000000003864,1.4007066978659934
16,h1,True,16,691,1127,0.0037902079999998506,1.440987387079876
16,h1,True,16,648,1057,0.0035712080000003255,1.434283101370823
16,h1,True,16,550,890,0.002917542000000495,1.4163785308501038
16,h1,True,16,411,672,0.0021821249999991466,1.3873441555652501
16,h1,True,16,559,920,0.0029927089999990386,1.4198219216598322
16,h1,True,16,493,815,0.0026406659999995696,1.4072533073784568
16,h1,True,16,501,807,0.002647582999999898,1.40623243206587
16,h1,True,16,874,1424,0.004769208000000802,1.4655792362646558
16,h1,True,16,587,953,0.003133790999999775,1.4234865579156506
16,h1,True,16,530,858,0.0028366660000003208,1.4125796818987677
16,h1,True,16,549,891,0.0029227909999995916,1.4164951057747839
16,h1,True,16,630,1033,0.0034746249999990653,1.4318855863661857
16,h1,True,16,573,923,0.0030372500000002134,1.42016027332749
16,h1,True,16,552,889,0.0029374170000000532,1.4162618292756028
16,h1,True,16,562,908,0.002986958999999345,1.4184577711030126
16,h1,True,16,403,657,0.002135499999999624,1.3850222288115144
16,h1,True,16,430,686,0.0022523750000011944,1.3894663414377093
16,h2,True,16,82,137,0.000634458000000393,1.226071132492133
16,h2,True,16,47,80,0.00036316699999972,1.1713195555976155
16,h2,True,16,104,167,0.0007887919999998161,1.2460689326350756
16,h2,True,16,213,348,0.00162987500000078,1.3202012434974555
16,h2,True,16,153,255,0.001189542000000543,1.2887625290339688
16,h2,True,16,114,188,0.0008738329999999905,1.2580164456344463
16,h2,True,16,50,87,0.00039154200000091066,1.1799199901636466
16,h2,True,16,284,463,0.00218733300000018,1.3492083669253718
16,h2,True,16,31,51,0.00023449999999947124,1.1244850718312485
16,h2,True,16,180,294,0.0013737499999990632,1.303137204894444
16,h2,True,16,96,159,0.0007359999999998479,1.241114991879348
16,h2,True,16,234,377,0.001790666999999857,1.328316982519011
16,h2,True,16,86,140,0.0006582909999988118,1.2282610844619395
16,h2,True,16,56,95,0.0004322089999995171,1.188908806868969
16,h2,True,16,85,141,0.0006522919999998322,1.228980502868231
16,h2,True,16,144,244,0.001131750000000764,1.284312352817099
16,h2,True,16,83,131,0.0006159999999990617,1.2215412250394828
16,h2,True,16,75,124,0.000571541000001119,1.2159816117057884
16,h2,True,16,100,172,0.0007870000000007593,1.2490452124559317
16,h2,True,16,155,255,0.0011910420000003086,1.2887625290339688
16,h2,True,16,63,106,0.0004825420000003078,1.2000666318346487
16,h2,True,16,16,26,0.00011787499999904583,1.0507057759849006
16,h2,True,16,71,123,0.0005606250000003143,1.2151613640737087
16,h2,True,16,219,354,0.001677292000000108,1.3219335602563689
16,h2,True,16,144,235,0.0011006250000011875,1.2805204688775773
16,h2,True,16,140,235,0.0010853750000006102,1.2805204688775773
16,h2,True,16,108,179,0.0008299590000007129,1.253069033577622
16,h2,True,16,177,290,0.001362375000001137,1.301752613994831
16,h2,True,16,132,224,0.0010304160000007556,1.2756847417250405
16,h2,True,16,260,424,0.002016833000000773,1.3402512043763704
16,h2,True,16,45,76,0.0003513329999993431,1.1660445715116645
16,h2,True,16,165,277,0.0012777910000014714,1.2971185953170234
16,h2,True,16,204,335,0.001570832999998828,1.3163448236908373
16,h2,True,16,138,229,0.0010673329999999481,1.2779114437706838
16,h2,True,16,285,456,0.002167583000000306,1.3476563826776098
16,h2,True,16,97,164,0.0007556669999999599,1.2442398003823567
16,h2,True,16,203,335,0.0015699579999992608,1.3163448236908373
16,h2,True,16,62,105,0.0004824170000006234,1.1991027775994714
16,h2,True,16,149,252,0.001189042000000029,1.2875680333732276
16,h2,True,16,59,100,0.0004579580000001471,1.1941372693651742
16,h2,True,16,132,224,0.0010280419999997292,1.2756847417250405
16,h2,True,16,144,234,0.0010879579999993894,1.2800902668474246
16,h2,True,16,83,131,0.0006132920000005981,1.2215412250394828
16,h2,True,16,75,125,0.0005721669999996237,1.2167951403216253
16,h2,True,16,100,164,0.0007586249999995687,1.2442398003823567
16,h2,True,16,130,212,0.0009842920000000532,1.2701318602185165
16,h2,True,16,97,164,0.0007555830000001151,1.2442398003823567
16,h2,True,16,166,277,0.0012834170000015632,1.2971185953170234
16,h2,True,16,61,103,0.00047779099999978314,1.197146412577144
16,h2,True,16,31,57,0.0002524580000002885,1.13618401651234
16,h2,True,16,161,264,0.0012308339999993478,1.2922641338611642
16,h2,True,16,123,206,0.0009502080000007851,1.267236675234661
16,h2,True,16,98,165,0.0007561249999987751,1.2448532290069085
16,h2,True,16,280,462,0.0021762909999996083,1.3489880647176036
16,h2,True,16,23,40,0.00018275000000045338,1.0985392862838923
16,h2,True,16,153,254,0.0011796660000005232,1.2883659202728044
16,h2,True,16,79,134,0.0006112910000002358,1.223831945841475
16,h2,True,16,257,420,0.001974167000000193,1.339287336931958
16,h2,True,16,173,282,0.0013202910000007506,1.2989258727785251
16,h2,True,16,175,287,0.0013378330000008987,1.3007017269353613
16,h2,True,16,93,156,0.0007188340000006121,1.2391921750147796
16,h2,True,16,173,281,0.0013192090000000434,1.298566967217608
16,h2,True,16,142,239,0.0010992089999994903,1.282223262534521
16,h2,True,16,58,96,0.0004421249999992938,1.1899768957856187
16,h2,True,16,201,322,0.0015349169999989698,1.3123381419881266
16,h2,True,16,145,237,0.0011089999999995825,1.2813754377665116
16,h2,True,16,114,192,0.0008862909999987068,1.2601395351697193
16,h2,True,16,162,257,0.0012219590000004388,1.2895511386124507
16,h2,True,16,73,122,0.000557957999999914,1.2143342839438276
16,h2,True,16,102,170,0.0007862910000007162,1.2478652798170993
16,h2,True,16,50,81,0.0003737080000014714,1.172595207872126
16,h2,True,16,199,330,0.0015431249999995345,1.3148222223382016
16,h2,True,16,175,284,0.0013359590000003863,1.2996399226280673
16,h2,True,16,175,287,0.0013615839999996382,1.3007017269353613
16,h2,True,16,29,47,0.0002137500000003456,1.115826994680555
16,h2,True,16,66,108,0.0004990419999995055,1.2019666110703309
16,h2,True,16,342,555,0.0026226250000007667,1.3677154273341108
16,h2,True,16,58,97,0.00044458400000024767,1.1910335452149359
16,h2,True,16,147,244,0.0011374160000006128,1.284312352817099
16,h2,True,16,293,479,0.0022568340000006515,1.352671354182751
16,h2,True,16,33,56,0.00025891700000002515,1.1343288733092654
16,h2,True,16,76,123,0.000569250000001631,1.2151613640737087
16,h2,True,16,69,112,0.0005199170000000919,1.2056605162610432
16,h2,True,16,108,180,0.0008322080000002785,1.2536309254767457
16,h2,True,16,161,265,0.0012285420000015534,1.292645871886129
16,h2,True,16,110,189,0.000860250000000562,1.2585514310558046
16,h2,True,16,45,72,0.0003354170000005041,1.160469996842043
16,h2,True,16,140,226,0.001062832999998875,1.27658130505987
16,h2,True,16,81,132,0.0006127500000001618,1.2223106732323958
16,h2,True,16,82,137,0.0006277920000012926,1.226071132492133
16,h2,True,16,348,568,0.0026837079999992852,1.370085768263423
16,h2,True,16,147,235,0.001109583000001635,1.2805204688775773
16,h2,True,16,88,156,0.0007046669999990485,1.2391921750147796
16,h2,True,16,120,203,0.0009383749999987145,1.2657573428427304
16,h2,True,16,140,227,0.001061542000000415,1.277026627936055
16,h2,True,16,121,203,0.0009475840000003899,1.2657573428427304
16,h2,True,16,48,79,0.00036370800000007364,1.1700271265481086
16,h2,True,16,84,140,0.0006529170000000306,1.2282610844619395
16,h2,True,16,24,41,0.00018574999999998454,1.101204409113406
16,h2,True,16,38,64,0.0002902499999990482,1.1482693027171433
16,h3,True,16,53,89,0.001139249999999592,1.182245241955456
16,h3,True,16,24,43,0.0005437080000003647,1.1063258460044532
16,h3,True,16,70,120,0.001539499999999805,1.2126591576427512
16,h3,True,16,140,226,0.0029456670000005403,1.27658130505987
16,h3,True,16,112,186,0.002399167000000091,1.2569378648810483
16,h3,True,16,88,150,0.001918249999999233,1.2352319176508324
16,h3,True,16,47,83,0.001050583999999688,1.175097901069745
16,h3,True,16,206,340,0.004486791999999795,1.3178452114351682
16,h3,True,16,31,51,0.0006575420000007881,1.1244850718312485
16,h3,True,16,123,207,0.002703083000000106,1.2677250068439823
16,h3,True,16,66,112,0.0014638339999990535,1.2056605162610432
16,h3,True,16,130,215,0.0028261250000003457,1.2715489241399025
16,h3,True,16,57,96,0.001194916999999407,1.1899768957856187
16,h3,True,16,37,64,0.0008141249999997768,1.1482693027171433
16,h3,True,16,51,88,0.0011286660000013882,1.1810894796999456
16,h3,True,16,102,173,0.002232583000001398,1.2496300147649682
16,h3,True,16,55,88,0.001135665999999702,1.1810894796999456
16,h3,True,16,62,102,0.0012938330000000775,1.1961535139091164
16,h3,True,16,74,126,0.0016258329999985222,1.2176020605942388
16,h3,True,16,114,185,0.0023512920000001714,1.2563942064984421
16,h3,True,16,46,78,0.0009843749999998153,1.168717469327773
16,h3,True,16,16,26,0.0003370000000000317,1.0507057759849006
16,h3,True,16,52,95,0.0012050420000004891,1.188908806868969
16,h3,True,16,172,288,0.003752666999998766,1.301053224314611
16,h3,True,16,93,155,0.002035082999999105,1.238542932716793
16,h3,True,16,111,186,0.0024104160000000263,1.2569378648810483
16,h3,True,16,87,148,0.0019081249999999272,1.233876161463007
16,h3,True,16,112,189,0.00245712500000117,1.2585514310558046
16,h3,True,16,73,123,0.0015697919999997367,1.2151613640737087
16,h3,True,16,184,303,0.003932040999998776,1.3061856897339044
16,h3,True,16,45,76,0.0009775000000011858,1.1660445715116645
16,h3,True,16,116,199,0.0025625419999997234,1.2637505403647378
16,h3,True,16,145,242,0.003128708000000202,1.283481867408208
16,h3,True,16,84,141,0.0017946250000004937,1.228980502868231
16,h3,True,16,195,321,0.004213000000000022,1.3120233646796384
16,h3,True,16,47,82,0.001053875000000204,1.1738545172672037
16,h3,True,16,115,189,0.0024551250000008906,1.2585514310558046
16,h3,True,16,54,92,0.0011742919999999657,1.1856333273492394
16,h3,True,16,109,183,0.002319583000000236,1.2552979921454597
16,h3,True,16,56,96,0.0012135830000001846,1.1899768957856187
16,h3,True,16,61,103,0.0013401670000003918,1.197146412577144
16,h3,True,16,91,146,0.0018786659999996402,1.232501740908893
16,h3,True,16,55,88,0.0011250000000000426,1.1810894796999456
16,h3,True,16,54,91,0.0011753330000008333,1.184516860526649
16,h3,True,16,67,111,0.0014547500000006153,1.2047498807882957
16,h3,True,16,60,102,0.0013047920000008872,1.1961535139091164
16,h3,True,16,47,82,0.0010511659999998813,1.1738545172672037
16,h3,True,16,97,160,0.002061792000001006,1.241747805708144
16,h3,True,16,42,75,0.0009207910000004205,1.164680331720695
16,h3,True,16,29,54,0.0006733329999999427,1.1305095031877395
16,h3,True,16,63,106,0.0013546249999993876,1.2000666318346487
16,h3,True,16,54,89,0.0011559580000000125,1.182245241955456
16,h3,True,16,63,107,0.001346458000000439,1.2010211829806843
16,h3,True,16,200,327,0.00433454199999872,1.3138977166483659
16,h3,True,16,17,30,0.00038091700000109086,1.0669116991983199
16,h3,True,16,97,157,0.0020362499999997397,1.2398372294730269
16,h3,True,16,67,115,0.0014556249999984061,1.208343244611899
16,h3,True,16,170,283,0.0036891249999992937,1.2992835216011498
16,h3,True,16,118,199,0.0026232499999991887,1.2637505403647378
16,h3,True,16,108,179,0.002369625000000042,1.253069033577622
16,h3,True,16,62,107,0.0013655840000001973,1.2010211829806843
16,h3,True,16,138,232,0.0029924170000015238,1.2792243487667951
16,h3,True,16,93,162,0.0020764999999993705,1.2430015557283558
16,h3,True,16,46,78,0.0010231670000013793,1.168717469327773
16,h3,True,16,149,245,0.0031769170000011115,1.2847250628780755
16,h3,True,16,86,148,0.0019170000000006127,1.233876161463007
16,h3,True,16,65,109,0.0014139589999988544,1.202903090955576
16,h3,True,16,105,165,0.0021566250000013554,1.2448532290069085
16,h3,True,16,39,70,0.0008866249999996967,1.1575592355897806
16,h3,True,16,85,142,0.0018102089999985083,1.2296947666975697
16,h3,True,16,31,51,0.0006434580000007628,1.1244850718312485
16,h3,True,16,125,205,0.0027196669999991485,1.266745969829068
16,h3,True,16,102,167,0.002167084000001651,1.2460689326350756
16,h3,True,16,106,180,0.0023136660000009357,1.2536309254767457
16,h3,True,16,22,37,0.00046670799999937174,1.090077507694195
16,h3,True,16,43,74,0.000952167000001225,1.1632968631142409
16,h3,True,16,245,404,0.00528016699999867,1.3353397688790456
16,h3,True,16,39,64,0.0008282919999995642,1.1482693027171433
16,h3,True,16,77,134,0.0017617500000000064,1.223831945841475
16,h3,True,16,213,352,0.004690832999999728,1.321359351100448
16,h3,True,16,18,33,0.00041541699999925186,1.077518121333545
16,h3,True,16,39,64,0.0007893750000000921,1.1482693027171433
16,h3,True,16,56,92,0.001171582999999643,1.1856333273492394
16,h3,True,16,73,125,0.0016052500000007797,1.2167951403216253
16,h3,True,16,102,172,0.0022473749999996073,1.2490452124559317
16,h3,True,16,75,132,0.0016745000000000232,1.2223106732323958
16,h3,True,16,31,51,0.0006469160000008856,1.1244850718312485
16,h3,True,16,93,159,0.002032207999999258,1.241114991879348
16,h3,True,16,60,102,0.0013033750000008837,1.1961535139091164
16,h3,True,16,57,95,0.0012270000000000891,1.188908806868969
16,h3,True,16,233,384,0.00506899999999888,1.3301839682903318
16,h3,True,16,121,195,0.002593291000000164,1.2617029815705707
16,h3,True,16,60,107,0.0013851250000005422,1.2010211829806843
16,h3,True,16,80,137,0.0017679170000004518,1.226071132492133
16,h3,True,16,105,170,0.0022287089999988297,1.2478652798170993
16,h3,True,16,107,182,0.002369333999999057,1.2547453699152817
16,h3,True,16,26,44,0.0005423750000002059,1.1087892143766669
16,h3,True,16,58,102,0.001301707999999735,1.1961535139091164
16,h3,True,16,16,28,0.0003498329999995775,1.0591432175216258
16,h3,True,16,31,52,0.0007037079999996365,1.1265347692764642
18,h1,True,18,1274,2066,0.007436999999999472,1.4295175556808708
18,h1,True,18,1818,2943,0.0102014170000011,1.461947171105486
18,h1,True,18,1711,2772,0.009596374999999213,1.4564316588970612
18,h1,True,18,1044,1672,0.005656833999999833,1.4103108008438818
18,h1,True,18,1641,2620,0.009073500000001289,1.4512464580029198
18,h1,True,18,1432,2326,0.007923500000000416,1.4403371010707495
18,h1,True,18,1113,1795,0.006372292000000002,1.4167393438191773
18,h1,True,18,1291,2129,0.007311749999999506,1.432255159150896
18,h1,True,18,1858,3009,0.010513667000001448,1.4639937586483134
18,h1,True,18,1536,2473,0.008680707999999981,1.445948239913204
18,h1,True,18,1541,2514,0.008773624999999896,1.4474558867238287
18,h1,True,18,1321,2139,0.007449041000000989,1.4326824886431195
18,h1,True,18,1520,2466,0.008642459000000713,1.4456884298830976
18,h1,True,18,1371,2199,0.007722166000000641,1.4352066483760448
18,h1,True,18,1424,2295,0.007992375000000607,1.4391101951719039
18,h1,True,18,1980,3194,0.011447000000000429,1.4695080591821235
18,h1,True,18,1476,2362,0.00894579100000037,1.4417422455988285
18,h1,True,18,1754,2794,0.009845166999999933,1.4571593467774382
18,h1,True,18,1442,2319,0.007932124999999957,1.4400614431021772
18,h1,True,18,1194,1934,0.006642541999999807,1.4235100252892763
18,h1,True,18,1150,1834,0.006199416999999485,1.4186888467262389
18,h1,True,18,1366,2200,0.007511292000000225,1.4352481517578912
18,h1,True,18,1295,2101,0.007156249999999531,1.4310482418112547
18,h1,True,18,1416,2297,0.007885417000000672,1.4391898316578406
18,h1,True,18,1580,2524,0.00871587500000004,1.4478200075423668
18,h1,True,18,1303,2089,0.007182333999999457,1.430526228560277
18,h1,True,18,1363,2203,0.00751804199999917,1.4353725527046586
18,h1,True,18,1676,2708,0.009303416999999925,1.4542826627992436
18,h1,True,18,1458,2341,0.008006625000000156,1.4409251108852525
18,h1,True,18,1710,2722,0.009408000000000527,1.454756907096387
18,h1,True,18,1352,2145,0.007418125000000941,1.432937961165356
18,h1,True,18,1352,2198,0.007515999999998968,1.43516512676716
18,h1,True,18,1794,2908,0.010029917000000665,1.4608438523078249
18,h1,True,18,1454,2308,0.007920083000000133,1.4396266396684254
18,h1,True,18,1584,2557,0.00877574999999986,1.4490118130179033
18,h1,True,18,1443,2343,0.00796287500000048,1.4410032373397383
18,h1,True,18,1702,2758,0.00954079200000102,1.455965681703363
18,h1,True,18,1352,2198,0.007470332999998774,1.43516512676716
18,h1,True,18,1377,2222,0.007582750000000971,1.4361566475908791
18,h1,True,18,1556,2524,0.008861542,1.4478200075423668
18,h1,True,18,1607,2577,0.009202291999999446,1.4497269219240927
18,h1,True,18,1433,2363,0.008195957999999948,1.4417809816992517
18,h1,True,18,1444,2325,0.007958042000000276,1.4402977704153042
18,h1,True,18,1787,2889,0.010051874999998489,1.460239539566894
18,h1,True,18,1571,2543,0.008746416000001034,1.4485080205889092
18,h1,True,18,1427,2314,0.00801037499999957,1.4398640524768869
18,h1,True,18,1384,2239,0.007703167000000732,1.436852738713033
18,h1,True,18,1479,2382,0.008367875000001135,1.4425139779048717
18,h1,True,18,1365,2204,0.007652832999999859,1.4354139833417006
18,h1,True,18,1452,2381,0.008190917000000297,1.4424755400302347
18,h1,True,18,1517,2476,0.008465292000000346,1.4460593699983368
18,h1,True,18,1661,2668,0.009199209000000153,1.4529145428851624
18,h1,True,18,1406,2252,0.007726124999999584,1.4373816095955507
18,h1,True,18,1453,2337,0.008022458999999316,1.440768664562499
18,h1,True,18,1654,2682,0.009246082999998961,1.4533956202169303
18,h1,True,18,1460,2398,0.008154958000000434,1.4431268756416458
18,h1,True,18,1473,2342,0.008074500000001095,1.4409641821600805
18,h1,True,18,1398,2240,0.00773262499999916,1.4368935261940243
18,h1,True,18,1044,1672,0.005635874999999402,1.4103108008438818
18,h1,True,18,1171,1888,0.0063491249999998445,1.421322976747243
18,h1,True,18,1464,2371,0.008170166999999395,1.442090302303285
18,h1,True,18,1291,2091,0.007147916999999282,1.4306134315959023
18,h1,True,18,1154,1870,0.0062933750000002675,1.4204531206584496
18,h1,True,18,1758,2812,0.009765374999998855,1.457750633024804
18,h1,True,18,1771,2859,0.00990645800000145,1.4592775224364831
18,h1,True,18,1257,2025,0.006954874999999916,1.427692277443131
18,h1,True,18,1405,2258,0.0077407080000000406,1.4376247105948257
18,h1,True,18,1181,1918,0.006551916000001157,1.4227550719475768
18,h1,True,18,1248,1994,0.006851916999998764,1.4262883244603697
18,h1,True,18,1241,2009,0.007539541999999955,1.4269702704671188
18,h1,True,18,1503,2444,0.008419166999999561,1.4448672280644566
18,h1,True,18,1788,2859,0.009912333000000828,1.4592775224364831
18,h1,True,18,1508,2436,0.008398958999999095,1.4445668402918859
18,h1,True,18,1118,1816,0.006083999999999534,1.417794110110763
18,h1,True,18,1272,2038,0.006987249999999889,1.4282748606818414
18,h1,True,18,1731,2765,0.009530666999999937,1.4561989544887632
18,h1,True,18,1988,3206,0.011112790999998623,1.4698550418126333
18,h1,True,18,1395,2257,0.007726999999999151,1.4375842370965448
18,h1,True,18,1354,2181,0.0074617499999991566,1.434456454720964
18,h1,True,18,2068,3307,0.011505417000000406,1.4727269121776878
18,h1,True,18,1200,1927,0.0064951670000006345,1.423180478997915
18,h1,True,18,1601,2631,0.008977542000000227,1.4516313141907284
18,h1,True,18,1338,2125,0.007358082999999738,1.4320836843305926
18,h1,True,18,1753,2862,0.00983879200000004,1.4593741606534198
18,h1,True,18,1580,2580,0.00881533299999937,1.44983372645269
18,h1,True,18,1642,2656,0.009143458000000493,1.4525002502728483
18,h1,True,18,1451,2314,0.00798387500000075,1.4398640524768869
18,h1,True,18,1638,2632,0.009053957999999085,1.4516662241641742
18,h1,True,18,1708,2765,0.00956775000000043,1.4561989544887632
18,h1,True,18,1679,2725,0.009329457999999846,1.4548582249890036
18,h1,True,18,1352,2198,0.007506833000000768,1.43516512676716
18,h1,True,18,1270,2071,0.007059290999999135,1.429737751966072
18,h1,True,18,1380,2215,0.007649958000000012,1.4358685263113276
18,h1,True,18,1436,2335,0.007931957999998573,1.440690344476355
18,h1,True,18,1225,1969,0.0067566249999995165,1.4251406534783047
18,h1,True,18,1601,2586,0.008889833000001346,1.4500469767644013
18,h1,True,18,1410,2277,0.007744832999998508,1.4383904374623975
18,h1,True,18,1342,2158,0.007416334000000191,1.4334891256816142
18,h1,True,18,1721,2770,0.009570124999999763,1.4563652297557104
18,h1,True,18,1658,2667,0.009177208000000547,1.4528800871728094
18,h2,True,18,155,251,0.001185375000000377,1.2424653660449958
18,h2,True,18,431,694,0.003317583999999485,1.3317543386407715
18,h2,True,18,575,917,0.0044138750000009,1.356454639161523
18,h2,True,18,83,133,0.0006179159999994965,1.1866289806791839
18,h2,True,18,266,442,0.002064958000000061,1.2920344844703364
18,h2,True,18,333,534,0.002547583000000131,1.3086475285596832
18,h2,True,18,72,119,0.0005467909999996579,1.1767668492473264
18,h2,True,18,196,323,0.0015123750000007874,1.2645457425034157
18,h2,True,18,379,613,0.0029275420000001162,1.320798684366093
18,h2,True,18,214,350,0.0016438329999992618,1.2715760976038686
18,h2,True,18,471,755,0.003616083000000714,1.3392065382813825
18,h2,True,18,272,439,0.002083083000000485,1.291436843657701
18,h2,True,18,386,614,0.0029463339999988847,1.3209424099466722
18,h2,True,18,296,467,0.0022336660000004116,1.2968643151396266
18,h2,True,18,301,487,0.002300707999999929,1.3005477049532645
18,h2,True,18,525,833,0.004011208000001432,1.3479204303853765
18,h2,True,18,89,147,0.0006826249999996037,1.1954741410489067
18,h2,True,18,416,666,0.0031881669999993534,1.3281160666504706
18,h2,True,18,139,218,0.0010376670000002974,1.2301160294715503
18,h2,True,18,66,109,0.0005035420000005786,1.1689558272984573
18,h2,True,18,62,102,0.0004712920000002896,1.1630303766681651
18,h2,True,18,289,466,0.002210500000000337,1.2966760799809465
18,h2,True,18,224,360,0.0017081670000003157,1.2740437234332562
18,h2,True,18,236,391,0.0018319580000003555,1.2812819762426653
18,h2,True,18,243,392,0.0018544169999987759,1.2815058697351271
18,h2,True,18,264,431,0.0020260409999988127,1.2898231646140075
18,h2,True,18,230,375,0.001774832999998921,1.2776202800104102
18,h2,True,18,324,522,0.0024803750000010893,1.3066483659608576
18,h2,True,18,434,698,0.0033293329999999344,1.3322623090436259
18,h2,True,18,225,359,0.0017082500000000778,1.2738000478152909
18,h2,True,18,271,438,0.0020942500000007414,1.2912367320520706
18,h2,True,18,190,304,0.0014516250000013997,1.2592379480841314
18,h2,True,18,360,577,0.0027497079999996288,1.3154649472083118
18,h2,True,18,127,206,0.0009674159999999432,1.225151502592802
18,h2,True,18,180,297,0.0013877499999992438,1.2571985282411067
18,h2,True,18,219,368,0.0017208339999985611,1.2759692525233408
18,h2,True,18,298,470,0.0022489999999990573,1.2974266411803699
18,h2,True,18,190,304,0.0014459999999996143,1.2592379480841314
18,h2,True,18,229,373,0.0017520830000012921,1.277151702112869
18,h2,True,18,183,291,0.0013937500000000824,1.2554118532145413
18,h2,True,18,305,491,0.002329875000000925,1.3012664365825093
18,h2,True,18,307,498,0.002359332999999353,1.3025104274159798
18,h2,True,18,281,443,0.0021323750000004082,1.292232806883916
18,h2,True,18,339,546,0.0026003329999984004,1.3106029250659343
18,h2,True,18,173,284,0.001327417000000608,1.2532802432580463
18,h2,True,18,89,144,0.0006662500000000904,1.1936538644117007
18,h2,True,18,306,490,0.002326292000001118,1.3010872967951013
18,h2,True,18,330,531,0.0025371669999998403,1.308151918360854
18,h2,True,18,231,384,0.001797792000001408,1.2796986319888166
18,h2,True,18,351,553,0.002658041000000111,1.3117241255067165
18,h2,True,18,183,308,0.0014304589999998285,1.2603823755683963
18,h2,True,18,258,409,0.0019500420000007068,1.2852277963405938
18,h2,True,18,350,565,0.0027017499999999472,1.3136140783745094
18,h2,True,18,302,487,0.002312542000000306,1.3005477049532645
18,h2,True,18,579,924,0.004455833999999825,1.357130994145873
18,h2,True,18,385,614,0.0029682080000004163,1.3209424099466722
18,h2,True,18,346,546,0.0026227920000003735,1.3106029250659343
18,h2,True,18,276,433,0.002081625000000642,1.290229345464125
18,h2,True,18,83,133,0.0006226670000000212,1.1866289806791839
18,h2,True,18,52,89,0.0004079169999986476,1.1508009328879845
18,h2,True,18,309,500,0.0023743750000004837,1.3028626861699428
18,h2,True,18,307,506,0.0024194580000003185,1.3039111849331184
18,h2,True,18,136,219,0.0010336669999997383,1.2305172027708764
18,h2,True,18,275,435,0.00208425000000112,1.2906336742280007
18,h2,True,18,308,499,0.0023877499999986895,1.3026867308578756
18,h2,True,18,204,329,0.0015588750000006257,1.2661573431000566
18,h2,True,18,331,536,0.002564624999999765,1.30897641416969
18,h2,True,18,57,96,0.00044387499999842817,1.1576025869076991
18,h2,True,18,176,291,0.0013533750000007672,1.2554118532145413
18,h2,True,18,179,295,0.0013734589999998548,1.256607010496432
18,h2,True,18,382,611,0.0029239999999983723,1.3205105410169642
18,h2,True,18,392,632,0.0030300420000006767,1.3234908968614603
18,h2,True,18,362,579,0.0027778749999995966,1.3157697401615187
18,h2,True,18,96,160,0.0007519999999985316,1.2029453401257508
18,h2,True,18,141,230,0.0010921249999995553,1.2348120163408334
18,h2,True,18,261,424,0.002084707999999935,1.288386693877289
18,h2,True,18,543,855,0.004232165999999538,1.3502341139563674
18,h2,True,18,299,487,0.0023660419999984583,1.3005477049532645
18,h2,True,18,269,434,0.002100417000001187,1.2904317402825365
18,h2,True,18,635,1019,0.005082208999999338,1.36584660320745
18,h2,True,18,160,251,0.0012166250000014145,1.2424653660449958
18,h2,True,18,451,728,0.0035543750000002206,1.3359835968773086
18,h2,True,18,259,427,0.002060583000000449,1.2890051770475943
18,h2,True,18,305,491,0.002390667000000235,1.3012664365825093
18,h2,True,18,196,319,0.0015271669999989967,1.2634546767838342
18,h2,True,18,480,772,0.003753999999998925,1.3411784235979582
18,h2,True,18,328,533,0.002584374999999639,1.308482630542314
18,h2,True,18,245,400,0.0019174169999995883,1.2832768908431476
18,h2,True,18,355,579,0.0028141249999986684,1.3157697401615187
18,h2,True,18,598,939,0.004629417000000302,1.3585636527778737
18,h2,True,18,190,304,0.0014750419999991493,1.2592379480841314
18,h2,True,18,166,264,0.0012819999999997833,1.2468869789258155
18,h2,True,18,283,466,0.0022453330000011817,1.2966760799809465
18,h2,True,18,325,524,0.002528708999999907,1.3069846839517054
18,h2,True,18,232,378,0.0018627500000008013,1.2783185147795844
18,h2,True,18,213,353,0.0017748339999990037,1.272323670546935
18,h2,True,18,128,209,0.0010148339999993539,1.2264195182552635
18,h2,True,18,284,456,0.002202082999998467,1.2947714709979956
18,h2,True,18,234,376,0.0018429579999992285,1.27785363922691
18,h2,True,18,231,368,0.0017900829999994983,1.2759692525233408
18,h3,True,18,109,180,0.0023088330000007318,1.2133071266820314
18,h3,True,18,254,415,0.005482917000000143,1.2865049090631233
18,h3,True,18,453,731,0.00978204100000113,1.3363474287399262
18,h3,True,18,54,87,0.0011212499999988523,1.1487537451378258
18,h3,True,18,182,306,0.004016542000000456,1.259812028888219
18,h3,True,18,192,316,0.004158165999999852,1.2626273866477047
18,h3,True,18,55,91,0.0011930830000004278,1.1528001696540464
18,h3,True,18,137,235,0.0031184579999994355,1.2366962063115121
18,h3,True,18,226,372,0.00484129099999997,1.2769164767170023
18,h3,True,18,148,244,0.00323366699999994,1.2399882409830854
18,h3,True,18,273,441,0.005871416999999823,1.2918357178165758
18,h3,True,18,117,185,0.0024672499999986996,1.2157143408828595
18,h3,True,18,289,471,0.00622883399999985,1.2976132956998692
18,h3,True,18,211,335,0.004423124999998862,1.2677399210394142
18,h3,True,18,202,328,0.004419667000000516,1.2658907874633494
18,h3,True,18,394,633,0.00841091700000085,1.3236303818892474
18,h3,True,18,61,106,0.0013882499999997577,1.1664664353957201
18,h3,True,18,250,399,0.005408457999999783,1.283057443534362
18,h3,True,18,96,153,0.0019879169999992286,1.1990030911145384
18,h3,True,18,47,79,0.0009982500000003114,1.1400353089068247
18,h3,True,18,50,81,0.0010386659999994663,1.142299875338511
18,h3,True,18,132,214,0.0028519999999989665,1.2284925398891353
18,h3,True,18,106,175,0.002331082999999623,1.2108309348231314
18,h3,True,18,149,251,0.0032095830000002934,1.2424653660449958
18,h3,True,18,144,234,0.003078166999999965,1.236322618905096
18,h3,True,18,128,204,0.002703874999999911,1.2242957390745528
18,h3,True,18,165,271,0.0035273750000008874,1.2491782075684172
18,h3,True,18,219,353,0.004742833999999974,1.272323670546935
18,h3,True,18,231,377,0.0050369589999998965,1.2780863830532718
18,h3,True,18,163,259,0.0033638339999999545,1.245212772891568
18,h3,True,18,178,294,0.0038686659999989104,1.2563097468557967
18,h3,True,18,143,232,0.0030299579999990556,1.2355705967861965
18,h3,True,18,239,389,0.005141458000000654,1.2808324802475273
18,h3,True,18,88,142,0.001840874999999187,1.1924185839188581
18,h3,True,18,122,201,0.0026220000000005683,1.2229960419339303
18,h3,True,18,124,208,0.0026800420000014924,1.2259989028977412
18,h3,True,18,207,335,0.004440499999999403,1.2677399210394142
18,h3,True,18,143,232,0.003022249999999005,1.2355705967861965
18,h3,True,18,82,136,0.0017849999999999255,1.1886025184897346
18,h3,True,18,138,218,0.0028110420000011516,1.2301160294715503
18,h3,True,18,169,269,0.003500875000000292,1.248529681174182
18,h3,True,18,217,348,0.004600542000000374,1.271074166267676
18,h3,True,18,173,278,0.003656459000000112,1.251410880321739
18,h3,True,18,253,411,0.005364291999999438,1.2856555510596093
18,h3,True,18,102,171,0.0021822909999986706,1.2087975612438213
18,h3,True,18,42,69,0.0008662499999996243,1.127711383295865
18,h3,True,18,212,348,0.004596375000000208,1.271074166267676
18,h3,True,18,212,348,0.004616374999999451,1.271074166267676
18,h3,True,18,173,288,0.0037492500000002593,1.254504655635861
18,h3,True,18,259,417,0.005507416000000376,1.286926552098409
18,h3,True,18,111,192,0.002495834000001196,1.2189756984127218
18,h3,True,18,183,290,0.0037972090000000236,1.255110497432368
18,h3,True,18,215,351,0.004715625000001111,1.2718259943698569
18,h3,True,18,183,304,0.003987332999999538,1.2592379480841314
18,h3,True,18,408,649,0.008770000000000167,1.3258332031853626
18,h3,True,18,244,399,0.005252125000000163,1.283057443534362
18,h3,True,18,244,394,0.0052355829999992665,1.2819519623197104
18,h3,True,18,165,264,0.003467250000001698,1.2468869789258155
18,h3,True,18,54,87,0.0011219579999988127,1.1487537451378258
18,h3,True,18,46,81,0.0010112919999993863,1.142299875338511
18,h3,True,18,250,414,0.005446375000000003,1.2862933322463475
18,h3,True,18,190,316,0.004213082999999784,1.2626273866477047
18,h3,True,18,68,115,0.001498832999999422,1.1737273870931566
18,h3,True,18,191,313,0.0040619579999994215,1.2617922246354047
18,h3,True,18,231,377,0.00496124999999914,1.2780863830532718
18,h3,True,18,114,191,0.0025032090000003393,1.2185172490111684
18,h3,True,18,180,301,0.003915833000000646,1.2583697157884774
18,h3,True,18,48,81,0.001024333000000155,1.142299875338511
18,h3,True,18,126,210,0.0027216249999995057,1.2268381038968919
18,h3,True,18,120,205,0.002635333000000628,1.224724676671526
18,h3,True,18,246,404,0.0053795829999998546,1.2841492754095185
18,h3,True,18,234,387,0.00511270800000041,1.2803806858253788
18,h3,True,18,258,411,0.005469042000001423,1.2856555510596093
18,h3,True,18,48,83,0.0010916250000008176,1.1445058633363137
18,h3,True,18,89,146,0.00188420899999997,1.1948716520771963
18,h3,True,18,185,295,0.0038806249999989717,1.256607010496432
18,h3,True,18,331,534,0.00709570799999959,1.3086475285596832
18,h3,True,18,208,348,0.004564249999999603,1.271074166267676
18,h3,True,18,123,202,0.0026705830000004482,1.2234314434614477
18,h3,True,18,392,628,0.008362291999999272,1.3229307816189886
18,h3,True,18,98,151,0.0019553339999998087,1.197842776521418
18,h3,True,18,349,575,0.007618334000000004,1.3151591135792278
18,h3,True,18,174,284,0.0037297089999999145,1.2532802432580463
18,h3,True,18,215,359,0.004674249999998992,1.2738000478152909
18,h3,True,18,109,187,0.0024423330000011845,1.2166587702457288
18,h3,True,18,310,507,0.006735875000000391,1.3040847419709176
18,h3,True,18,215,356,0.004692582999998862,1.273064951721575
18,h3,True,18,167,272,0.0034900420000010257,1.2495006743383996
18,h3,True,18,231,382,0.0050890419999998215,1.2792409855676166
18,h3,True,18,453,717,0.009659541999999632,1.3346368678738791
18,h3,True,18,143,232,0.003047083000000228,1.2355705967861965
18,h3,True,18,126,208,0.002713292000001033,1.2259989028977412
18,h3,True,18,216,354,0.0046968330000005665,1.2725714580321008
18,h3,True,18,186,306,0.004034584000001118,1.259812028888219
18,h3,True,18,133,220,0.002956457999999884,1.230916531498052
18,h3,True,18,165,276,0.003575582999999938,1.2507787720623393
18,h3,True,18,70,121,0.0015490830000004507,1.1782470830427831
18,h3,True,18,166,273,0.0035819159999999073,1.2498219554082235
18,h3,True,18,144,236,0.0030611660000001706,1.237068196627003
18,h3,True,18,170,271,0.0035875000000000767,1.2491782075684172
20,h1,True,20,3467,5522,0.019762416000000727,1.4512689737104223
20,h1,True,20,2692,4314,0.015148500000000453,1.4312159191910871
20,h1,True,20,3738,5988,0.02126912499999989,1.4578864991421203
20,h1,True,20,3370,5405,0.01909074999999838,1.4495228118475136
20,h1,True,20,4088,6464,0.02391220800000049,1.4641514020729147
20,h1,True,20,3345,5332,0.01904524999999957,1.4484147346639262
20,h1,True,20,3330,5349,0.01894549999999917,1.44867408315171
20,h1,True,20,3361,5359,0.0188846250000001,1.448826269419213
20,h1,True,20,4199,6605,0.02377958300000138,1.465921815632651
20,h1,True,20,3334,5272,0.01871779100000026,1.4474929586891285
20,h1,True,20,3276,5211,0.018407958999999252,1.4465453718195547
20,h1,True,20,4268,6742,0.024046458999999132,1.4676074204330578
20,h1,True,20,3361,5393,0.018886999999999432,1.4493416587674486
20,h1,True,20,3058,4865,0.017159958000000586,1.4409588783821965
20,h1,True,20,3153,5031,0.0178288749999993,1.4436854221708257
20,h1,True,20,3307,5282,0.018718542000000227,1.4476472895209889
20,h1,True,20,3877,6161,0.022685917000000444,1.4602173022670115
20,h1,True,20,3050,4846,0.017124041000000645,1.4406410880518346
20,h1,True,20,2786,4484,0.01570412499999918,1.4343444890449204
20,h1,True,20,4117,6527,0.02389950000000063,1.464946996364715
20,h1,True,20,3119,4955,0.0183177919999995,1.4424480868535197
20,h1,True,20,4095,6446,0.023644832999998755,1.4639227150738914
20,h1,True,20,3340,5318,0.01889920799999878,1.4482005531131286
20,h1,True,20,3183,5065,0.01804745799999985,1.4442331297224107
20,h1,True,20,2820,4515,0.016058041999999162,1.43490260068975
20,h1,True,20,3171,5114,0.018008000000000024,1.4450162558122304
20,h1,True,20,3898,6218,0.02209599999999945,1.4609714357527768
20,h1,True,20,3081,4972,0.017541624999999783,1.4427264438677199
20,h1,True,20,3424,5440,0.019365833000000165,1.450048964700935
20,h1,True,20,2990,4757,0.016686208999999508,1.4391362731401784
20,h1,True,20,3036,4861,0.018093290999999567,1.4408920749638607
20,h1,True,20,3429,5448,0.019337042000000082,1.450168769068776
20,h1,True,20,3288,5258,0.0185986670000009,1.4472764197608572
20,h1,True,20,4463,7088,0.02538766700000039,1.471721675733674
20,h1,True,20,3243,5174,0.01839333400000065,1.4459653707798483
20,h1,True,20,2733,4383,0.015335540999998898,1.4324998842970382
20,h1,True,20,2821,4510,0.015854292000000214,1.4348128338035187
20,h1,True,20,3277,5273,0.018572749999998805,1.4475084044921478
20,h1,True,20,3264,5190,0.018491707999999107,1.4462166721906007
20,h1,True,20,3112,4965,0.017451749999999322,1.442611937832433
20,h1,True,20,4166,6554,0.023567040999999733,1.4652856996390513
20,h1,True,20,3388,5408,0.019026915999999616,1.4495680394183483
20,h1,True,20,3085,4853,0.017195791000000682,1.4407583085840772
20,h1,True,20,3873,6122,0.022377541999999195,1.4596974264764544
20,h1,True,20,3148,5051,0.017786082999998953,1.4440080346214446
20,h1,True,20,4105,6476,0.0231932920000002,1.4643035189728542
20,h1,True,20,3534,5587,0.019951833000000363,1.4522236859719104
20,h1,True,20,2997,4777,0.016959292000001014,1.439476790379692
20,h1,True,20,3995,6297,0.022571292000000298,1.4620056810216813
20,h1,True,20,4371,6849,0.02470408400000146,1.4689010906177553
20,h1,True,20,4043,6376,0.02292858299999878,1.4630274802330945
20,h1,True,20,3203,5147,0.018201334000000458,1.4455395921889722
20,h1,True,20,3931,6208,0.02228791699999988,1.4608396154738537
20,h1,True,20,3448,5493,0.019580791000000985,1.4508395189662946
20,h1,True,20,3773,6028,0.022474457999999586,1.458431136533656
20,h1,True,20,3201,5145,0.01833120900000118,1.445507967244696
20,h1,True,20,4091,6423,0.023152833999999345,1.4636296055822577
20,h1,True,20,3359,5377,0.01924708399999986,1.4490995147457868
20,h1,True,20,3500,5587,0.020141374999999684,1.4522236859719104
20,h1,True,20,3201,5090,0.018347291999999626,1.4446335940604982
20,h1,True,20,3545,5647,0.020554208000000074,1.4530954860957555
20,h1,True,20,3407,5427,0.019651333000000548,1.4498539191971531
20,h1,True,20,4387,6903,0.025287541999999164,1.4695465873210574
20,h1,True,20,3159,5004,0.018139584000000042,1.4432479239292664
20,h1,True,20,3333,5291,0.01898745799999979,1.447785946133763
20,h1,True,20,2968,4781,0.017036540999999517,1.439544728426219
20,h1,True,20,3627,5789,0.020888792000000933,1.4551236259072775
20,h1,True,20,3425,5478,0.020417583999998712,1.4506165272327332
20,h1,True,20,2855,4561,0.01642091699999959,1.4357239747761459
20,h1,True,20,4339,6805,0.024957332999999693,1.4683714905194978
20,h1,True,20,3493,5517,0.020098457999999653,1.4511950854199003
20,h1,True,20,3158,5019,0.017991750000000195,1.4434912593156626
20,h1,True,20,3398,5394,0.01939820800000014,1.4493567697203376
20,h1,True,20,2941,4697,0.016853917000000607,1.4381063544636552
20,h1,True,20,3664,5755,0.020996542000000673,1.454642424364709
20,h1,True,20,3381,5442,0.019261667000000315,1.4500789317378393
20,h1,True,20,2947,4702,0.0165012080000011,1.438192665395063
20,h1,True,20,3289,5257,0.018623291999999125,1.4472609313887417
20,h1,True,20,3236,5151,0.018239499999999964,1.4456028064742652
20,h1,True,20,2903,4613,0.016191874999998745,1.4366428940405926
20,h1,True,20,3614,5712,0.020407249999999877,1.4540298997498375
20,h1,True,20,2931,4672,0.017024084000000883,1.4376734630145709
20,h1,True,20,3299,5232,0.01850820800000008,1.4468727942003436
20,h1,True,20,3040,4862,0.017315166999999576,1.4409087807980963
20,h1,True,20,4131,6532,0.02334399999999981,1.46500982105443
20,h1,True,20,3095,4961,0.017621542000000545,1.4425464357453612
20,h1,True,20,4142,6500,0.023432707999999636,1.4646069386081013
20,h1,True,20,3324,5288,0.018631042000000875,1.4477397525950577
20,h1,True,20,3273,5217,0.01833941699999997,1.4466390509590448
20,h1,True,20,3009,4814,0.01691487499999944,1.4401031300320977
20,h1,True,20,2768,4452,0.015618500000000424,1.4337644462081944
20,h1,True,20,3003,4767,0.016732124999998987,1.4393067043857752
20,h1,True,20,4037,6371,0.022649333000000382,1.4629631724936756
20,h1,True,20,4100,6458,0.02317470900000096,1.4640752414179992
20,h1,True,20,3406,5484,0.01991987500000114,1.4507057946075563
20,h1,True,20,3280,5272,0.01846479199999962,1.4474929586891285
20,h1,True,20,3154,5024,0.017682332999999772,1.443572214963841
20,h1,True,20,3462,5575,0.019669834000000108,1.4520482415038463
20,h1,True,20,4074,6423,0.02294087499999975,1.4636296055822577
20,h1,True,20,2796,4481,0.01575062499999902,1.434290280369252
20,h2,True,20,653,1036,0.005096583000000265,1.3181582407595025
20,h2,True,20,129,208,0.0009737909999998351,1.1938910181236224
20,h2,True,20,852,1334,0.00660750000000121,1.3379017527535826
20,h2,True,20,495,784,0.0037785839999990856,1.2964967892598005
20,h2,True,20,526,827,0.004068249999999551,1.3006393349925287
20,h2,True,20,457,726,0.0034908750000006705,1.2905392381756218
20,h2,True,20,590,924,0.004482207999998877,1.3092544280687366
20,h2,True,20,529,847,0.004070000000000462,1.3024942823404797
20,h2,True,20,685,1071,0.00531758300000007,1.3207473950486586
20,h2,True,20,452,716,0.003443875000000318,1.289464776521446
20,h2,True,20,494,790,0.003811958000000004,1.2970880765862591
20,h2,True,20,711,1120,0.005520667000000756,1.3242360622660336
20,h2,True,20,445,723,0.0034461659999998062,1.2902184422104606
20,h2,True,20,255,417,0.0019668749999990354,1.2476879310359887
20,h2,True,20,353,561,0.0027380000000007954,1.2705921628137333
20,h2,True,20,473,756,0.0036335419999993235,1.2936770804228583
20,h2,True,20,437,695,0.0033398330000000698,1.2871593123086416
20,h2,True,20,270,438,0.002078582999999412,1.2514800729087519
20,h2,True,20,90,148,0.0006844589999985828,1.1673226412225346
20,h2,True,20,699,1114,0.005490458999998893,1.3238170116107613
20,h2,True,20,531,847,0.004106459000000839,1.3024942823404797
20,h2,True,20,625,980,0.004773250000001283,1.3138313799070613
20,h2,True,20,472,765,0.003696124999999384,1.2945944946501506
20,h2,True,20,409,650,0.0031794170000001287,1.2819779315237843
20,h2,True,20,167,273,0.0013064160000002545,1.2149703123591462
20,h2,True,20,374,576,0.0028647910000003662,1.2726313717842501
20,h2,True,20,402,643,0.0031432079999991203,1.28114018111653
20,h2,True,20,262,411,0.002009915999998668,1.246569366268658
20,h2,True,20,561,887,0.00438345899999959,1.3060781908061552
20,h2,True,20,207,332,0.0016064589999995604,1.2300917162056755
20,h2,True,20,272,447,0.002144790999999202,1.2530500067242794
20,h2,True,20,656,1045,0.005214000000000496,1.3188321304879018
20,h2,True,20,516,816,0.003999667000000429,1.299600185805231
20,h2,True,20,834,1338,0.006701667000001521,1.3381361878629203
20,h2,True,20,316,519,0.002502915999999189,1.2645805617576005
20,h2,True,20,102,166,0.0007807920000004742,1.176313426921738
20,h2,True,20,221,353,0.0016937909999992229,1.2348273757812707
20,h2,True,20,336,547,0.0026468749999999375,1.2686394719668566
20,h2,True,20,562,894,0.00441874999999925,1.30668897754866
20,h2,True,20,402,646,0.0030882499999993485,1.2815003168142827
20,h2,True,20,686,1094,0.005374165999999292,1.3224040126464844
20,h2,True,20,544,867,0.00417408300000055,1.3043065854479368
20,h2,True,20,480,751,0.00365441699999991,1.293162738090972
20,h2,True,20,307,494,0.0023566669999990353,1.2607681518394558
20,h2,True,20,371,598,0.0028507920000002684,1.275528870373606
20,h2,True,20,637,1013,0.004892707999999857,1.3164096158320446
20,h2,True,20,669,1052,0.005191791999999751,1.3193523399242144
20,h2,True,20,318,512,0.0024592499999993578,1.2635318214334927
20,h2,True,20,523,834,0.004017916000000454,1.3012935449253087
20,h2,True,20,977,1539,0.0075917089999997245,1.3491125166360498
20,h2,True,20,417,664,0.0031787080000000856,1.2836269794604545
20,h2,True,20,370,597,0.002853166999999601,1.2753994757686438
20,h2,True,20,964,1546,0.007575000000000998,1.3494690139866368
20,h2,True,20,626,984,0.004763332999999648,1.3141483979778577
20,h2,True,20,802,1278,0.006290124999999591,1.3345454183105314
20,h2,True,20,356,563,0.0026986250000007317,1.2708671623194303
20,h2,True,20,560,897,0.004311541999999946,1.3069493040177136
20,h2,True,20,600,967,0.0046542079999998265,1.3127922189816932
20,h2,True,20,771,1236,0.00605991699999997,1.331932316455581
20,h2,True,20,557,882,0.004253084000000129,1.3056390034624
20,h2,True,20,611,984,0.0047138750000002005,1.3141483979778577
20,h2,True,20,513,807,0.003916709000000296,1.2987396532091489
20,h2,True,20,798,1284,0.006286999999998599,1.33491183831379
20,h2,True,20,318,512,0.0024442080000000033,1.2635318214334927
20,h2,True,20,568,902,0.004351209000001077,1.3073812837616106
20,h2,True,20,297,477,0.002264625000000464,1.2580643934483087
20,h2,True,20,808,1292,0.0063572920000005695,1.335397800069336
20,h2,True,20,623,1001,0.004791666000000916,1.315481750499154
20,h2,True,20,134,204,0.00098229200000155,1.192381689219956
20,h2,True,20,699,1097,0.00543320899999955,1.3226175697945002
20,h2,True,20,642,1014,0.004899542000000423,1.3164864500228766
20,h2,True,20,471,748,0.00361449999999941,1.2928525080861881
20,h2,True,20,551,870,0.004193125000000464,1.3045748749428272
20,h2,True,20,289,464,0.002222458000000316,1.255931238918763
20,h2,True,20,230,360,0.0017222500000002583,1.2363432438316257
20,h2,True,20,419,673,0.00320437499999926,1.2846690169417694
20,h2,True,20,260,420,0.0019942079999992757,1.2482411951407535
20,h2,True,20,589,946,0.004558875000000739,1.3110842160169756
20,h2,True,20,351,568,0.002699416000000454,1.271550441771347
20,h2,True,20,386,616,0.0029426249999993104,1.2778220106448877
20,h2,True,20,179,285,0.0013472920000001665,1.2182971868619128
20,h2,True,20,277,444,0.0021101670000014394,1.2525302281399542
20,h2,True,20,615,982,0.004735082999999918,1.31399004753117
20,h2,True,20,254,413,0.0019523750000001172,1.2469440247522758
20,h2,True,20,535,859,0.004121249999998966,1.303586653876689
20,h2,True,20,385,622,0.0030102919999990263,1.2785716596206842
20,h2,True,20,677,1082,0.005315750000001174,1.3215440001362868
20,h2,True,20,570,906,0.004384874999999511,1.3077251747388283
20,h2,True,20,338,524,0.002543167000000679,1.2653210868129858
20,h2,True,20,337,545,0.002585207999999284,1.2683564725347374
20,h2,True,20,113,188,0.0008737500000002285,1.1860254283329135
20,h2,True,20,395,625,0.0030072910000011888,1.2789438024233255
20,h2,True,20,538,860,0.004134709000000569,1.3036770054820015
20,h2,True,20,363,578,0.0027613749999986226,1.2728992770256862
20,h2,True,20,508,810,0.003909207999999609,1.2990275437987808
20,h2,True,20,459,747,0.0036139579999989735,1.2927488251402086
20,h2,True,20,489,770,0.0037396250000014675,1.2950995787363935
20,h2,True,20,531,852,0.004090084000001326,1.3029512776287597
20,h2,True,20,509,808,0.003886500000000126,1.2988357337724699
20,h2,True,20,191,305,0.0014506670000002941,1.223539470095504
20,h3,True,20,347,555,0.007230625000000046,1.2697612871857604
20,h3,True,20,74,121,0.0015315840000003078,1.1514467025996828
20,h3,True,20,529,830,0.01084162499999941,1.300920376122121
20,h3,True,20,308,501,0.006401834000000051,1.261854636724617
20,h3,True,20,304,481,0.006157166999999575,1.2587091068401008
20,h3,True,20,253,398,0.005138709000000574,1.2440887205366202
20,h3,True,20,311,495,0.006376875000000837,1.260924298591834
20,h3,True,20,304,481,0.006221000000000032,1.2587091068401008
20,h3,True,20,463,737,0.009578250000000565,1.291704394786747
20,h3,True,20,298,471,0.006052042000000313,1.2570871537823436
20,h3,True,20,271,428,0.005555041999999233,1.249697480455474
20,h3,True,20,360,570,0.007407374999999661,1.2718220837606524
20,h3,True,20,258,429,0.00549350000000004,1.2498776011797421
20,h3,True,20,115,192,0.0024297500000010075,1.1876650540143752
20,h3,True,20,258,413,0.005212292000001284,1.2469440247522758
20,h3,True,20,263,428,0.005400542000000286,1.249697480455474
20,h3,True,20,240,383,0.004956332999999091,1.2411236338392273
20,h3,True,20,146,246,0.0030757080000007875,1.2069088335152682
20,h3,True,20,72,121,0.0014971670000001325,1.1514467025996828
20,h3,True,20,443,709,0.009247832999999872,1.2887037974419315
20,h3,True,20,319,532,0.006863208000000398,1.2664914412514015
20,h3,True,20,368,580,0.0076250420000008035,1.2731662643195514
20,h3,True,20,324,529,0.006788166999999845,1.266054621020912
20,h3,True,20,243,384,0.004951957999999479,1.2413248945566915
20,h3,True,20,75,123,0.0015502079999993867,1.1527441751114047
20,h3,True,20,219,353,0.004442000000000945,1.2348273757812707
20,h3,True,20,258,418,0.005243417000000861,1.2478727931572577
20,h3,True,20,194,310,0.003909332999999293,1.2247958428985508
20,h3,True,20,396,634,0.008153666999998421,1.2800497092216023
20,h3,True,20,132,216,0.002673790999999426,1.1968226764110144
20,h3,True,20,167,276,0.003448125000000246,1.215815697409004
20,h3,True,20,332,536,0.007036917000000642,1.2670700760113798
20,h3,True,20,254,403,0.005165333000000771,1.2450522763638565
20,h3,True,20,512,826,0.010687666999999124,1.3005454313694083
20,h3,True,20,234,390,0.004937915999999376,1.2425215446132478
20,h3,True,20,85,140,0.0017573340000005544,1.1629560896680706
20,h3,True,20,69,110,0.0013600000000000279,1.1438822851841457
20,h3,True,20,199,330,0.00412641700000016,1.2296250943390508
20,h3,True,20,319,517,0.0068499580000001,1.2642823638612568
20,h3,True,20,169,281,0.003633499999999401,1.217204229049564
20,h3,True,20,384,617,0.008081083000000433,1.2779474530578314
20,h3,True,20,306,486,0.006422374999999647,1.2595075306528005
20,h3,True,20,254,395,0.005305332999999024,1.2435047557640546
20,h3,True,20,201,332,0.00445237499999962,1.2300917162056755
20,h3,True,20,270,444,0.005785082999999247,1.2525302281399542
20,h3,True,20,291,459,0.006030041999999014,1.255094893108395
20,h3,True,20,448,710,0.009330832999999927,1.288812961968989
20,h3,True,20,154,248,0.0031367499999994664,1.2075360656740117
20,h3,True,20,246,391,0.005143125000000026,1.2427191924941425
20,h3,True,20,510,810,0.010799834000000175,1.2990275437987808
20,h3,True,20,261,421,0.005459000000000103,1.2484247392492605
20,h3,True,20,214,357,0.004546750000001154,1.2356972407517732
20,h3,True,20,625,1012,0.013606749999999224,1.316332707120111
20,h3,True,20,394,626,0.008221875000000267,1.2790674569991425
20,h3,True,20,449,726,0.009574166000000162,1.2905392381756218
20,h3,True,20,261,416,0.005304833000000286,1.2475026253049846
20,h3,True,20,342,559,0.007161291000000958,1.2703161884936538
20,h3,True,20,323,527,0.00674833399999919,1.2657620376685625
20,h3,True,20,390,623,0.008122166999999791,1.2786959043679071
20,h3,True,20,293,466,0.006006417000000042,1.2562632643206149
20,h3,True,20,385,618,0.007963292000001232,1.2780726942348846
20,h3,True,20,349,558,0.0071772079999998795,1.2701778335821534
20,h3,True,20,527,870,0.011172000000000182,1.3045748749428272
20,h3,True,20,199,322,0.004065999999999903,1.2277297134222316
20,h3,True,20,273,425,0.005521584000000246,1.249154585289809
20,h3,True,20,151,239,0.0029761659999998358,1.2046719863908173
20,h3,True,20,503,816,0.010584082999999467,1.299600185805231
20,h3,True,20,430,699,0.009008249999999052,1.2876037083952334
20,h3,True,20,84,132,0.0016286249999986069,1.1583218178211396
20,h3,True,20,448,717,0.009295999999999083,1.2895728874648875
20,h3,True,20,480,753,0.009783291999999832,1.2933688793720761
20,h3,True,20,298,481,0.006216915999999628,1.2587091068401008
20,h3,True,20,236,372,0.004770792000000412,1.2388743514634686
20,h3,True,20,186,307,0.0038811249999994857,1.2240444932283898
20,h3,True,20,118,186,0.0022716669999987005,1.185192141462747
20,h3,True,20,246,419,0.005291500000000227,1.2480572138152275
20,h3,True,20,156,254,0.0032854579999987976,1.2093874061590033
20,h3,True,20,378,617,0.007971083000001045,1.2779474530578314
20,h3,True,20,207,349,0.004428499999999502,1.2339475580884085
20,h3,True,20,229,361,0.004619624999998351,1.2365573783094423
20,h3,True,20,89,140,0.0017407499999997356,1.1629560896680706
20,h3,True,20,169,276,0.0034471669999991406,1.215815697409004
20,h3,True,20,372,599,0.007792999999999495,1.2756580506763275
20,h3,True,20,143,236,0.003009458000001075,1.203692877004658
20,h3,True,20,302,495,0.0062839170000010824,1.260924298591834
20,h3,True,20,230,381,0.004808915999999996,1.240719528395731
20,h3,True,20,449,728,0.009412708999999353,1.2907523757272168
20,h3,True,20,338,540,0.007111749999999972,1.2676444363367838
20,h3,True,20,202,324,0.004106958999999577,1.2282079650794748
20,h3,True,20,180,289,0.003745166000001632,1.2193747524636693
20,h3,True,20,59,107,0.0013165409999995603,1.141680518449994
20,h3,True,20,201,326,0.00424554099999952,1.228683254641568
20,h3,True,20,317,517,0.006606375000000497,1.2642823638612568
20,h3,True,20,208,331,0.004177416999999295,1.2298587597620725
20,h3,True,20,339,549,0.0070432500000006115,1.2689214456746103
20,h3,True,20,282,478,0.006127375000000157,1.2582260752575505
20,h3,True,20,302,483,0.0062019999999982645,1.2590294637556538
20,h3,True,20,325,516,0.006633792000000582,1.2641328345090126
20,h3,True,20,349,559,0.007151333999999565,1.2703161884936538
20,h3,True,20,120,193,0.002413125000000349,1.1880694873541748
22,h1,True,22,7283,11386,0.04188970900000122,1.4496969082434008
22,h1,True,22,9696,14842,0.05689804100000018,1.4692087919456212
22,h1,True,22,7791,11994,0.044290875000001506,1.453512738069211
22,h1,True,22,9012,13929,0.05168220900000087,1.4645199001431148
22,h1,True,22,10103,15531,0.05827870799999957,1.4725662347815236
22,h1,True,22,8873,13615,0.05132775000000045,1.4628383731957801
22,h1,True,22,9615,14792,0.0547620000000002,1.468959317401461
22,h1,True,22,7531,11704,0.04272416699999937,1.4517166193907962
22,h1,True,22,7130,11064,0.0404992919999998,1.4475953998755204
22,h1,True,22,9336,14503,0.05457812500000081,1.4675011880415205
22,h1,True,22,9576,14775,0.054899499999999435,1.4688743103818163
22,h1,True,22,7829,12099,0.04476154099999974,1.454152714416089
22,h1,True,22,7247,11363,0.04185191700000068,1.4495487194448144
22,h1,True,22,7068,11141,0.0424879580000006,1.4481032672842549
22,h1,True,22,8324,12894,0.048414875000000634,1.4588308645695682
22,h1,True,22,8723,13494,0.050653040999998566,1.462180370297267
22,h1,True,22,6926,10812,0.04002979200000034,1.4459090411033522
22,h1,True,22,10194,15770,0.06080141700000041,1.473697319683171
22,h1,True,22,7755,12108,0.04518425000000015,1.4542073193134506
22,h1,True,22,7584,11808,0.04396837500000039,1.4523656463879209
22,h1,True,22,7471,11758,0.04358279200000048,1.4520543073560384
22,h1,True,22,7452,11692,0.04319937500000037,1.4516413729643198
22,h1,True,22,10206,15666,0.06003466599999996,1.473207181784761
22,h1,True,22,7448,11527,0.04319887499999986,1.4505990889046672
22,h1,True,22,7299,11388,0.041591083999998446,1.4497097805356516
22,h1,True,22,9527,14744,0.05432658299999993,1.4687190539563302
22,h1,True,22,7798,12058,0.04544608299999986,1.4539034605678687
22,h1,True,22,7330,11515,0.04193174999999982,1.4505227243944914
22,h1,True,22,9130,14031,0.052084291999999976,1.4650582507196974
22,h1,True,22,8228,12767,0.04728983300000067,1.4581025871877134
22,h1,True,22,7891,12371,0.04623066599999959,1.455785901410362
22,h1,True,22,8753,13514,0.050033624999999304,1.4622895236169562
22,h1,True,22,7713,12051,0.04418458299999983,1.4538608231221968
22,h1,True,22,9825,15033,0.05615583400000013,1.470154365861354
22,h1,True,22,7630,11877,0.044546416999999394,1.4527932064553788
22,h1,True,22,8394,12976,0.04807220899999898,1.459297414882105
22,h1,True,22,8990,13966,0.051192457999999164,1.4647156233006866
22,h1,True,22,7477,11653,0.04261799999999916,1.4513963050718064
22,h1,True,22,7651,11896,0.04352137500000097,1.4529105184978857
22,h1,True,22,8193,12785,0.0475348750000002,1.4582062325683478
22,h1,True,22,10123,15638,0.05782479099999982,1.4730746844329832
22,h1,True,22,8746,13545,0.05013325000000002,1.4624584030122003
22,h1,True,22,7704,12030,0.044340416000000715,1.4537327669016933
22,h1,True,22,7853,12255,0.04526766699999918,1.455093685303674
22,h1,True,22,7558,11745,0.04334020899999835,1.451973149426014
22,h1,True,22,8083,12523,0.046330042000001015,1.4566835018627948
22,h1,True,22,7547,11820,0.04329500000000053,1.4524401779802942
22,h1,True,22,7921,12318,0.04667924999999862,1.455470412587681
22,h1,True,22,10255,15710,0.059633957999999154,1.4734149303409505
22,h1,True,22,7726,11987,0.04491725000000102,1.453469880513285
22,h1,True,22,7772,12173,0.04523199999999861,1.4546005263294695
22,h1,True,22,8939,13882,0.052844249999999704,1.464270552901978
22,h1,True,22,6719,10564,0.03895099999999907,1.4442118963335462
22,h1,True,22,9741,15101,0.05597041700000105,1.4704882097304304
22,h1,True,22,10234,15772,0.059590916000001215,1.4737067147736647
22,h1,True,22,7302,11356,0.04326404200000056,1.4495035609006695
22,h1,True,22,7588,11790,0.04401379199999944,1.4522537115049423
22,h1,True,22,6918,10839,0.04028787500000064,1.4460915315125535
22,h1,True,22,9504,14642,0.05533112500000037,1.4682059742083728
22,h1,True,22,7641,11944,0.04550362500000027,1.4532060803668894
22,h1,True,22,7637,11974,0.04465874999999997,1.453390223643916
22,h1,True,22,7858,12208,0.04574379099999959,1.4548114128506704
22,h1,True,22,7512,11804,0.04372466699999933,1.4523407862408648
22,h1,True,22,9829,15121,0.05745220800000084,1.4705861226685015
22,h1,True,22,7259,11307,0.04143916599999997,1.4491866949280952
22,h1,True,22,9651,14804,0.055084958000001905,1.46901926553147
22,h1,True,22,10499,16023,0.05983175000000074,1.474876756059904
22,h1,True,22,7253,11382,0.04160079100000047,1.4496711570947984
22,h1,True,22,7685,11906,0.04415095799999946,1.4529721888998868
22,h1,True,22,9256,14199,0.052969083000000694,1.465936753228866
22,h1,True,22,7875,12170,0.04520245799999856,1.4545824230627318
22,h1,True,22,8011,12398,0.048613874999997364,1.4559461198851285
22,h1,True,22,9898,15266,0.07338829100000055,1.4712922714639838
22,h1,True,22,7386,11562,0.04491929099999936,1.4508213802253702
22,h1,True,22,10705,16344,0.10718341600000159,1.4763475657762668
22,h1,True,22,9508,14618,0.058086792000001,1.4680847476189083
22,h1,True,22,7860,12248,0.046181665999998955,1.455051711152623
22,h1,True,22,6884,10711,0.04002866600000132,1.4452224588471427
22,h1,True,22,9621,14692,0.05610550000000103,1.4684579140249996
22,h1,True,22,7351,11483,0.04771462500000112,1.4503187086807183
22,h1,True,22,7992,12419,0.04725941699999936,1.4560705011270159
22,h1,True,22,7823,12163,0.04478383300000033,1.4545401653159082
22,h1,True,22,8937,13890,0.05111758299999991,1.4643130525602106
22,h1,True,22,10068,15394,0.05736249999999998,1.4719102652788325
22,h1,True,22,7892,12353,0.04586325000000002,1.4556789011021545
22,h1,True,22,7275,11365,0.04147908400000233,1.449561616942392
22,h1,True,22,8353,12839,0.04762370800000326,1.4585163242074124
22,h1,True,22,7196,11224,0.04096124999999873,1.4486469191141436
22,h1,True,22,7076,11151,0.04190312499999749,1.4481689747533149
22,h1,True,22,7878,12138,0.050195750000000317,1.4543890525297911
22,h1,True,22,10216,15707,0.06424841600000164,1.4734007835356624
22,h1,True,22,9657,14772,0.05606620800000073,1.4688592993316991
22,h1,True,22,8896,13835,0.05278779200000017,1.4640203882625786
22,h1,True,22,9510,14645,0.05574400000000068,1.4682211140274815
22,h1,True,22,7652,11911,0.07754266699999945,1.4530030053142502
22,h1,True,22,7847,12229,0.04559058300000274,1.454937664249996
22,h1,True,22,7944,12298,0.04746550000000127,1.4553510189087735
22,h1,True,22,7905,12165,0.04595666700000223,1.4545522413576237
22,h1,True,22,8662,13364,0.05064279199999788,1.4614670380385277
22,h1,True,22,8567,13211,0.04985295799999889,1.460618856125127
22,h2,True,22,623,969,0.004840583000000009,1.2750876776304056
22,h2,True,22,1185,1851,0.009413792000000143,1.3200142571158335
22,h2,True,22,892,1408,0.00708454100000111,1.3009703231765015
22,h2,True,22,468,719,0.0035513329999972143,1.254493342140615
22,h2,True,22,1349,2107,0.010735290999999592,1.3290664629126931
22,h2,True,22,534,831,0.004129999999999967,1.2644784370815878
22,h2,True,22,913,1424,0.007203125000000199,1.3017551814503276
22,h2,True,22,625,972,0.004861375000000834,1.2753013023059068
22,h2,True,22,332,532,0.002596540999999064,1.2337367027796167
22,h2,True,22,929,1468,0.00741408300000046,1.3038696198605901
22,h2,True,22,1040,1644,0.00830270799999866,1.3117468108934625
22,h2,True,22,891,1389,0.007113582999998869,1.3000268247294278
22,h2,True,22,440,701,0.0034194579999997643,1.252745531874945
22,h2,True,22,302,477,0.002338125000001412,1.2262171913681401
22,h2,True,22,1404,2205,0.011347708000002399,1.3322490662087616
22,h2,True,22,201,315,0.0015308750000002647,1.1975754304686514
22,h2,True,22,373,588,0.0028891249999993818,1.2406321274881669
22,h2,True,22,1345,2119,0.010816625000000357,1.329463867203156
22,h2,True,22,744,1153,0.005851667000001726,1.2871143635594646
22,h2,True,22,572,881,0.004431915999997926,1.2685114062685399
22,h2,True,22,714,1110,0.005634917000001849,1.2844830240545235
22,h2,True,22,629,973,0.0048542920000009815,1.2753723655876605
22,h2,True,22,1448,2261,0.011548499999999962,1.3340060847774766
22,h2,True,22,700,1093,0.00553095799999781,1.2834148665366927
22,h2,True,22,424,663,0.0032662079999994376,1.2489041399912009
22,h2,True,22,1084,1690,0.008563957999999872,1.3136689863130422
22,h2,True,22,893,1399,0.007091458000001438,1.3005249748992704
22,h2,True,22,646,1009,0.00491370900000021,1.277883668811914
22,h2,True,22,744,1161,0.005856042000001338,1.2875932105604142
22,h2,True,22,1247,1943,0.01148058400000096,1.3234011951620963
22,h2,True,22,1036,1620,0.008822459000001004,1.310722865823546
22,h2,True,22,422,660,0.003315624999999045,1.2485915915961074
22,h2,True,22,626,987,0.005132625000001667,1.2763597351538505
22,h2,True,22,1028,1600,0.008470625000001064,1.3098581316553037
22,h2,True,22,851,1332,0.006863707999997359,1.2971181585573546
22,h2,True,22,1366,2136,0.01235841700000151,1.3300231005730452
22,h2,True,22,581,901,0.004740082999997952,1.2700613978669968
22,h2,True,22,559,892,0.005895374999997927,1.2693681646603197
22,h2,True,22,840,1318,0.00856383400000027,1.2963850057097113
22,h2,True,22,1178,1866,0.009772791999999697,1.3205775846468257
22,h2,True,22,1426,2222,0.011602833999997841,1.332787020324154
22,h2,True,22,1693,2642,0.013466541999999748,1.3449376863435099
22,h2,True,22,1040,1631,0.008198334000002916,1.3111940105147535
22,h2,True,22,978,1532,0.0076837500000017656,1.3068364689084966
22,h2,True,22,692,1091,0.0054818329999974935,1.2832881238769231
22,h2,True,22,1149,1809,0.009012375000001072,1.3184127927451383
22,h2,True,22,531,837,0.0040815000000016255,1.2649749146392355
22,h2,True,22,923,1437,0.007387915999998995,1.302386516497168
22,h2,True,22,1643,2549,0.01316429099999894,1.342418821878197
22,h2,True,22,946,1479,0.007472790999997869,1.3043884881886827
22,h2,True,22,854,1343,0.006910959000002492,1.297688903373845
22,h2,True,22,566,892,0.004361291999998684,1.2693681646603197
22,h2,True,22,118,191,0.0009103750000001298,1.162769885267462
22,h2,True,22,937,1476,0.007650375000000764,1.3042473559852428
22,h2,True,22,1477,2301,0.012444792000000149,1.335235216867007
22,h2,True,22,731,1158,0.0061094590000010385,1.2874140255590567
22,h2,True,22,1067,1693,0.008566667000000194,1.3137925550467928
22,h2,True,22,242,376,0.0017983749999999077,1.2098083394520271
22,h2,True,22,951,1468,0.007723375000001198,1.3038696198605901
22,h2,True,22,800,1254,0.006388957999998723,1.2929326860338826
22,h2,True,22,644,1020,0.005041208000001518,1.2786333572571498
22,h2,True,22,933,1468,0.007380375000000328,1.3038696198605901
22,h2,True,22,583,929,0.004528707999998716,1.2721750709358979
22,h2,True,22,1197,1881,0.010055499999999995,1.3211364891954105
22,h2,True,22,546,852,0.00435845899999876,1.2662008275206014
22,h2,True,22,1173,1848,0.009717250000001343,1.319901054573763
22,h2,True,22,1867,2881,0.015017042000000203,1.3510335535843714
22,h2,True,22,490,764,0.0037482500000010077,1.2586792885507734
22,h2,True,22,791,1238,0.006329000000000917,1.2920424781639372
22,h2,True,22,799,1268,0.006577750000001714,1.29370248268641
22,h2,True,22,918,1439,0.007221208000000701,1.3024831459627957
22,h2,True,22,1097,1710,0.008470750000000749,1.3144887432787904
22,h2,True,22,1172,1839,0.009155625000001777,1.3195603624271568
22,h2,True,22,614,972,0.004706082999998529,1.2753013023059068
22,h2,True,22,2252,3492,0.01781216699999888,1.3646176901163014
22,h2,True,22,1139,1770,0.00881995900000021,1.3168927189709998
22,h2,True,22,997,1568,0.007728333999999393,1.3084522208201048
22,h2,True,22,296,471,0.0028759170000007828,1.2253447884086657
22,h2,True,22,1206,1876,0.009462082999998955,1.3209506747673414
22,h2,True,22,552,880,0.004237875000001168,1.2684329941849612
22,h2,True,22,1171,1823,0.009844000000001074,1.3189506299176488
22,h2,True,22,1141,1792,0.00916216600000297,1.31775418860753
22,h2,True,22,379,602,0.0029455419999990795,1.242253351917038
22,h2,True,22,1513,2356,0.012692791999999287,1.3368915702176718
22,h2,True,22,1031,1628,0.008250249999999681,1.3110658267503217
22,h2,True,22,580,906,0.004527124999999188,1.2704435690721088
22,h2,True,22,1729,2675,0.013698542000000202,1.345810696255783
22,h2,True,22,454,712,0.003436374999999714,1.2538188674435515
22,h2,True,22,352,568,0.0026992499999991537,1.2382479143014304
22,h2,True,22,1037,1611,0.008071999999998525,1.310335040701259
22,h2,True,22,1540,2402,0.012181667000000118,1.3382480934219836
22,h2,True,22,1106,1738,0.00859537499999874,1.3156207305460645
22,h2,True,22,492,766,0.00374775000000227,1.2588595947584031
22,h2,True,22,975,1531,0.007595542000000677,1.3067910561157672
22,h2,True,22,731,1151,0.005712834000000555,1.2869941395766378
22,h2,True,22,885,1409,0.006922249999998797,1.3010196333011352
22,h2,True,22,1058,1668,0.008270916000000739,1.312756180321026
22,h2,True,22,911,1430,0.007128500000000315,1.302047268385957
22,h2,True,22,1993,3119,0.016135500000000746,1.3566317778123684
22,h2,True,22,1608,2511,0.012752417000001515,1.34136366523897
22,h3,True,22,335,528,0.006888708000001742,1.233216710996894
22,h3,True,22,749,1187,0.015491457999999625,1.289127283857102
22,h3,True,22,629,976,0.01261829200000264,1.2755851226903085
22,h3,True,22,268,426,0.005374207999999214,1.2184221081156594
22,h3,True,22,930,1476,0.019278416999998882,1.3042473559852428
22,h3,True,22,406,636,0.008056125000003078,1.2460390007382993
22,h3,True,22,482,758,0.009587499999998528,1.258135542386631
22,h3,True,22,381,605,0.007674915999999143,1.2425958560892063
22,h3,True,22,170,275,0.0034049170000010065,1.1881680957953469
22,h3,True,22,578,937,0.01276041600000255,1.2727673969617452
22,h3,True,22,570,911,0.012145291999999586,1.270823656753909
22,h3,True,22,581,910,0.011752250000000686,1.2707478047950072
22,h3,True,22,264,427,0.005503082999997133,1.2185837917734217
22,h3,True,22,203,335,0.0041285000000002015,1.2018327121035188
22,h3,True,22,829,1313,0.017147749999999462,1.296121305374113
22,h3,True,22,116,188,0.00229183300000102,1.16166038006768
22,h3,True,22,178,280,0.0035489999999995803,1.189417658413031
22,h3,True,22,702,1119,0.0145079999999993,1.2850419980431074
22,h3,True,22,419,665,0.00846650000000082,1.2491117237056226
22,h3,True,22,309,482,0.0060911249999975325,1.2269358196730886
22,h3,True,22,395,634,0.008191749999998166,1.2458219677041922
22,h3,True,22,403,636,0.008213749999999465,1.2460390007382993
22,h3,True,22,807,1289,0.01694866600000111,1.294841615562897
22,h3,True,22,367,571,0.007290041999997499,1.2386108455252915
22,h3,True,22,262,412,0.005830999999997033,1.2161175142819691
22,h3,True,22,629,989,0.013472124999999835,1.2764996557968273
22,h3,True,22,545,864,0.011504625000000601,1.2671662451439407
22,h3,True,22,442,710,0.009777958000000808,1.2536249483587842
22,h3,True,22,471,745,0.009620041000001578,1.2569426020733268
22,h3,True,22,827,1311,0.017574917000001022,1.296015548210074
22,h3,True,22,565,895,0.011714375000000388,1.2696000093651585
22,h3,True,22,240,372,0.004712042000001304,1.2090699799228926
22,h3,True,22,428,673,0.008601542000000961,1.2499358850409692
22,h3,True,22,653,1029,0.01354816599999964,1.2792408172927616
22,h3,True,22,543,856,0.011566707999996595,1.266524123241766
22,h3,True,22,905,1416,0.019659458999999657,1.3013638430358299
22,h3,True,22,335,531,0.006798749999997966,1.23360707276202
22,h3,True,22,277,449,0.006047999999999831,1.2220475915887348
22,h3,True,22,479,760,0.01001966599999804,1.2583172648586256
22,h3,True,22,630,1002,0.013546791999999641,1.2774023750345305
22,h3,True,22,869,1373,0.01868187500000218,1.2992223953789406
22,h3,True,22,1048,1645,0.021949083999999175,1.311789156019247
22,h3,True,22,608,966,0.012519665999999319,1.2748733975536721
22,h3,True,22,614,975,0.012574875000002095,1.275514275631438
22,h3,True,22,423,674,0.008579000000001002,1.2500382183256877
22,h3,True,22,639,1016,0.013088041999999689,1.2783616722558864
22,h3,True,22,344,552,0.0069355409999971585,1.2362793191399302
22,h3,True,22,570,904,0.011602791000001389,1.2702909519077905
22,h3,True,22,1021,1588,0.02078220799999997,1.3093341797683662
22,h3,True,22,640,1006,0.01370625000000203,1.2776778056226719
22,h3,True,22,572,917,0.01244187500000038,1.271277043930061
22,h3,True,22,379,606,0.007978957999998926,1.242709647462633
22,h3,True,22,82,132,0.00182125000000255,1.1366848569390497
22,h3,True,22,522,826,0.012453625000002688,1.2640619816381324
22,h3,True,22,834,1290,0.017441082999997803,1.2948954028780757
22,h3,True,22,398,645,0.008729917000000142,1.247007301584861
22,h3,True,22,479,755,0.00997716599999876,1.257862063305395
22,h3,True,22,189,298,0.0037149999999996908,1.1937350121599613
22,h3,True,22,390,597,0.007916666999999933,1.2416787066659913
22,h3,True,22,453,729,0.009466790999997698,1.255445631862281
22,h3,True,22,323,514,0.006740084000000479,1.231365149085859
22,h3,True,22,633,1002,0.013096791999998914,1.2774023750345305
22,h3,True,22,389,627,0.008130541999999963,1.2450569376939575
22,h3,True,22,607,958,0.012573040999999563,1.2742987486107564
22,h3,True,22,336,529,0.006757291999999637,1.2333470778089275
22,h3,True,22,666,1058,0.014016916999999296,1.2811630684132305
22,h3,True,22,1126,1754,0.02386575000000235,1.3162595712489509
22,h3,True,22,214,336,0.004695166999997724,1.2020387532716303
22,h3,True,22,515,813,0.011090917000000644,1.2629673794952008
22,h3,True,22,409,646,0.008308832999997406,1.2471140579225506
22,h3,True,22,629,994,0.013238250000000562,1.2768482366496348
22,h3,True,22,583,899,0.011718999999999369,1.269907940796981
22,h3,True,22,596,939,0.012093958000001237,1.2729146961332853
22,h3,True,22,438,705,0.009085165999998424,1.2531377625905211
22,h3,True,22,973,1515,0.020305875000001805,1.306060458993839
22,h3,True,22,659,1054,0.01399525000000068,1.2809010482906102
22,h3,True,22,388,618,0.007995499999999822,1.2440607107457757
22,h3,True,22,204,332,0.004236667000000693,1.2012108262761303
22,h3,True,22,655,1014,0.013471040999998962,1.27822543293304
22,h3,True,22,332,544,0.006958791000002407,1.2352735128215717
22,h3,True,22,638,1000,0.013376124999997074,1.2772642517318875
22,h3,True,22,706,1117,0.0149991670000027,1.2849181661486018
22,h3,True,22,221,366,0.004688416000000473,1.2079472576632684
22,h3,True,22,955,1505,0.02069316600000093,1.3055999741032758
22,h3,True,22,666,1048,0.014025250000003098,1.2805061699906335
22,h3,True,22,323,520,0.007241167000000104,1.2321647864306993
22,h3,True,22,1010,1578,0.021296500000001828,1.3088945731727453
22,h3,True,22,255,408,0.00524975000000083,1.2154445533551157
22,h3,True,22,210,352,0.00445233399999978,1.205253475009314
22,h3,True,22,707,1103,0.01460133300000166,1.2840451641368205
22,h3,True,22,887,1406,0.01872170900000114,1.3008715994610056
22,h3,True,22,541,852,0.011060000000000514,1.2662008275206014
22,h3,True,22,294,462,0.0058280000000010546,1.2240150319005592
22,h3,True,22,483,768,0.009965041000000951,1.2590394338325712
22,h3,True,22,543,866,0.011347582999999162,1.267325854571649
22,h3,True,22,467,743,0.009674540999998982,1.2567572383517485
22,h3,True,22,561,892,0.011800208000000367,1.2693681646603197
22,h3,True,22,615,972,0.012518083000003344,1.2753013023059068
22,h3,True,22,1304,2049,0.027634125000002285,1.3271138797957134
22,h3,True,22,1088,1726,0.02340870800000161,1.3151378009805001
24,h1,True,24,18993,28187,0.118490125000001,1.4606190784254487
24,h1,True,24,17165,25633,0.09904362500000019,1.454273788047721
24,h1,True,24,17377,26060,0.10153641699999838,1.4553761417703495
24,h1,True,24,21555,31824,0.13064420799999965,1.4687543564913565
24,h1,True,24,18839,27986,0.11335908399999894,1.460140320414085
24,h1,True,24,18503,27605,0.11249804199999858,1.4592236132103116
24,h1,True,24,16821,25312,0.09853929199999811,1.4534333085660376
24,h1,True,24,18577,27686,0.1115336659999997,1.4594195250657997
24,h1,True,24,17458,26275,0.1003352090000007,1.455924584428264
24,h1,True,24,23089,33666,0.13382845900000007,1.472536881939762
24,h1,True,24,17370,26007,0.09949162500000241,1.4552402708490049
24,h1,True,24,22057,32492,0.129439541,1.4701500166293644
24,h1,True,24,17553,26221,0.10333941600000074,1.4557872460190597
24,h1,True,24,21348,31538,0.12475858300000198,1.468148122039291
24,h1,True,24,18315,27189,0.10903258399999771,1.4582085921326624
24,h1,True,24,18317,27451,0.11011029099999803,1.4588495982952097
24,h1,True,24,22984,33587,0.14189200000000213,1.472378814547319
24,h1,True,24,18636,27856,0.1074562080000021,1.4598288991367117
24,h1,True,24,16263,24505,0.09506758300000229,1.4512738342830476
24,h1,True,24,17056,25588,0.09985729199999938,1.4541565804394696
24,h1,True,24,22133,32627,0.1327538749999988,1.4704286966367062
24,h1,True,24,21585,31933,0.1313159999999982,1.4689840166133794
24,h1,True,24,17281,26032,0.1098293340000005,1.4553043942975887
24,h1,True,24,18670,27934,0.15696845800000148,1.4600159203795928
24,h1,True,24,17967,26896,0.116450167,1.4574846159434687
24,h1,True,24,21961,32456,0.1433353749999995,1.4700755126441702
24,h1,True,24,17249,25917,0.10807245899999884,1.4550089309304317
24,h1,True,24,21712,31973,0.1331881250000002,1.4690681052399137
24,h1,True,24,21339,31481,0.12973362500000007,1.4680266632071968
24,h1,True,24,17693,26457,0.1058684999999997,1.456385460296827
24,h1,True,24,21162,31272,0.13014208399999916,1.4675794850883497
24,h1,True,24,17127,25753,0.10238712499999991,1.454585369748766
24,h1,True,24,18714,27795,0.1133412920000012,1.4596822851478781
24,h1,True,24,17905,26660,0.1050245409999988,1.456895904710501
24,h1,True,24,17263,25844,0.10189220899999896,1.4548207161699604
24,h1,True,24,20729,30783,0.12144654200000105,1.4665218070019024
24,h1,True,24,18088,27010,0.10602375000000208,1.4577672032840225
24,h1,True,24,17765,26711,0.10429629100000071,1.4570235526189155
24,h1,True,24,17788,26600,0.1064298749999999,1.4567454275046106
24,h1,True,24,17435,26254,0.10493745899999851,1.4558712075675637
24,h1,True,24,17878,26707,0.10424508299999857,1.4570135495543899
24,h1,True,24,21494,31566,0.12530329200000168,1.4682077082036677
24,h1,True,24,22122,32587,0.1266350420000002,1.4703462413359296
24,h1,True,24,18541,27588,0.10746729099999897,1.4591824252211065
24,h1,True,24,17744,26758,0.10621049999999954,1.4571409800535737
24,h1,True,24,20888,30915,0.12354491700000025,1.4668089093620433
24,h1,True,24,18015,26889,0.10711295800000187,1.4574672263012514
24,h1,True,24,18764,27859,0.10953712499999924,1.459836101635382
24,h1,True,24,18467,27686,0.10973354200000074,1.4594195250657997
24,h1,True,24,18432,27493,0.10753324999999947,1.458951803524379
24,h1,True,24,16457,24885,0.09725266699999935,1.4522991378343164
24,h1,True,24,17086,25617,0.09977191599999813,1.4542321370872449
24,h1,True,24,19180,28525,0.1134776670000015,1.4614167479425686
24,h1,True,24,17298,26060,0.10096512499999832,1.4553761417703495
24,h1,True,24,18590,27740,0.10906979199999967,1.4595498247794745
24,h1,True,24,21927,32385,0.1282553749999984,1.4699283394511724
24,h1,True,24,17429,26243,0.10644537499999984,1.4558432317502512
24,h1,True,24,16702,25048,0.10039245800000174,1.4527342974293136
24,h1,True,24,18059,26967,0.10546633300000252,1.4576607492694125
24,h1,True,24,17232,25886,0.10041541700000067,1.4549290669373258
24,h1,True,24,17790,26704,0.1016219160000027,1.457006046303524
24,h1,True,24,18695,27848,0.10848574999999983,1.459809688799898
24,h1,True,24,17121,25765,0.09791766699999727,1.4546164505167285
24,h1,True,24,18352,27294,0.11227545800000271,1.4584661993561228
24,h1,True,24,17466,26210,0.10347458400000065,1.4557592360863714
24,h1,True,24,17864,26579,0.10361408300000008,1.4566926827920361
24,h1,True,24,17843,26837,0.104299417,1.457337908647001
24,h1,True,24,17917,26792,0.10646675000000272,1.4572258030757728
24,h1,True,24,19055,28422,0.11124245799999954,1.4611746451911474
24,h1,True,24,17834,26620,0.10958716599999718,1.456795623074992
24,h1,True,24,17839,26708,0.10772041699999946,1.4570160504565752
24,h1,True,24,21346,31520,0.1281592499999995,1.4681097895952502
24,h1,True,24,18524,27638,0.11191050000000047,1.4593034962785585
24,h1,True,24,22535,33189,0.12958350000000252,1.4715769604536812
24,h1,True,24,17169,25695,0.1031797499999989,1.4544349479597312
24,h1,True,24,18850,28139,0.11011083300000024,1.4605050493951555
24,h1,True,24,17554,26407,0.1061046250000004,1.4562591527743076
24,h1,True,24,17752,26525,0.10392720799999822,1.4565568679353742
24,h1,True,24,21553,31946,0.12686099999999811,1.4690113565971545
24,h1,True,24,18904,28061,0.11214179100000266,1.4603193497974045
24,h1,True,24,17753,26560,0.10466595899999831,1.4566449265877428
24,h1,True,24,17456,26183,0.10367183299999994,1.4556904361215501
24,h1,True,24,19159,28618,0.11051174999999702,1.4616346193206047
24,h1,True,24,18253,27245,0.10642658300000107,1.458346102331571
24,h1,True,24,17705,26528,0.10131679099999857,1.4565644202290886
24,h1,True,24,17755,26622,0.103482249999999,1.4568006406225504
24,h1,True,24,20296,30131,0.11921445800000185,1.465085975765208
24,h1,True,24,16672,25106,0.09951787500000009,1.4528884778930173
24,h1,True,24,18399,27278,0.11301525000000012,1.4584270069805148
24,h1,True,24,21409,31569,0.13351483399999964,1.468214089400142
24,h1,True,24,19359,28742,0.11631779200000025,1.4619240502657287
24,h1,True,24,18830,27965,0.10806704199999828,1.460090108910285
24,h1,True,24,18599,27499,0.10795045800000125,1.4589663919241982
24,h1,True,24,18636,27711,0.10682229199999682,1.4594798795801243
24,h1,True,24,16925,25521,0.09865100000000027,1.4539817007872933
24,h1,True,24,17707,26631,0.10140454199999738,1.4568232150686922
24,h1,True,24,16532,24835,0.09877437500000141,1.452165099660041
24,h1,True,24,21451,31798,0.1252365829999995,1.468699462690033
24,h1,True,24,16919,25641,0.09978108299999988,1.4542946040832456
24,h1,True,24,17450,26155,0.10208341699999934,1.4556190153747748
24,h2,True,24,3482,5321,0.027982333000000637,1.3517573379333867
24,h2,True,24,1037,1615,0.008178833000002328,1.2765459267631458
24,h2,True,24,1243,1903,0.009656499999998402,1.2868052891607955
24,h2,True,24,2124,3242,0.01689937500000127,1.3202959811220234
24,h2,True,24,2881,4444,0.02382966700000111,1.3402813402688691
24,h2,True,24,2348,3610,0.018736042000000452,1.3270947697408988
24,h2,True,24,883,1366,0.006918499999997607,1.2660983442217772
24,h2,True,24,2823,4352,0.022579207999999795,1.338951442550671
24,h2,True,24,1215,1861,0.009464250000000618,1.285408641216975
24,h2,True,24,3928,5960,0.031461624999998605,1.3590084391833908
24,h2,True,24,1474,2275,0.011657875000000928,1.2979957277552168
24,h2,True,24,2694,4083,0.022525583000000182,1.3348990774093523
24,h2,True,24,1422,2181,0.011691124999998692,1.2953482767963997
24,h2,True,24,1724,2648,0.013871915999999374,1.3075368034476327
24,h2,True,24,2571,3946,0.021266583999999256,1.3327337040834975
24,h2,True,24,1802,2808,0.015302500000000663,1.3112304775468258
24,h2,True,24,4186,6324,0.03451937500000213,1.362806685707111
24,h2,True,24,2534,3880,0.020745332999997146,1.3316641361941866
24,h2,True,24,369,571,0.0028129589999998927,1.2118526490290402
24,h2,True,24,1069,1657,0.008337999999998402,1.2781496005087791
24,h2,True,24,2763,4269,0.02306062499999939,1.337727840280992
24,h2,True,24,2164,3338,0.018032999999999078,1.3221397910826522
24,h2,True,24,1061,1647,0.008338208000001401,1.2777714446755235
24,h2,True,24,2505,3895,0.020572082999997576,1.3319087748730087
24,h2,True,24,1977,3049,0.01581645899999984,1.316421378408057
24,h2,True,24,2381,3643,0.019010124999997657,1.3276708711209104
24,h2,True,24,985,1544,0.007782542000001058,1.273738876223201
24,h2,True,24,1977,3052,0.01577429199999969,1.316483425157366
24,h2,True,24,1547,2391,0.012710458000000813,1.3011182835607453
24,h2,True,24,1599,2457,0.012648041999998583,1.3028290709258035
24,h2,True,24,1871,2892,0.015033999999999992,1.3130877501123694
24,h2,True,24,944,1463,0.00741083399999809,1.2703762867110053
24,h2,True,24,2623,4055,0.02118920800000268,1.3344623593218459
24,h2,True,24,2068,3177,0.016628834000002257,1.3190169285751678
24,h2,True,24,1094,1709,0.008729291999998168,1.2800803934298446
24,h2,True,24,1080,1651,0.008481166999999346,1.2779229783422696
24,h2,True,24,1994,3075,0.016000208000001237,1.3169571391881734
24,h2,True,24,1478,2299,0.012405457999999925,1.2986544244887028
24,h2,True,24,1606,2493,0.012841749999999763,1.3037432850090545
24,h2,True,24,1549,2408,0.012278416999997432,1.301563338474971
24,h2,True,24,1931,2993,0.015403709000000987,1.3152520478863599
24,h2,True,24,2016,3078,0.01600629100000006,1.317018671626863
24,h2,True,24,2704,4140,0.021517374999998395,1.3357791294618768
24,h2,True,24,2507,3902,0.02020245799999998,1.3320226242064122
24,h2,True,24,1302,2017,0.010209374999998744,1.2904483268681108
24,h2,True,24,1371,2099,0.010813499999997589,1.2929454298968035
24,h2,True,24,1738,2676,0.013800582999998312,1.3081987501617198
24,h2,True,24,2993,4603,0.024078582999997877,1.342517533154933
24,h2,True,24,2246,3457,0.01793741599999521,1.3243545234915555
24,h2,True,24,2283,3552,0.018343874999999343,1.3260696152382225
24,h2,True,24,487,746,0.0037035000000003038,1.2284692490365456
24,h2,True,24,979,1501,0.007648416999998631,1.2719761268381236
24,h2,True,24,3429,5250,0.027644125000001907,1.3508997514956307
24,h2,True,24,1119,1733,0.008744082999996294,1.2809520505058125
24,h2,True,24,2684,4115,0.021367541000003598,1.3353946103469325
24,h2,True,24,1923,2969,0.015369083000003059,1.3147443223515705
24,h2,True,24,1412,2172,0.011156667000001619,1.2950889340588527
24,h2,True,24,894,1381,0.006992041000003724,1.2667791637432941
24,h2,True,24,1969,3052,0.01573108299999859,1.316483425157366
24,h2,True,24,918,1445,0.007256124999997837,1.2696040693736461
24,h2,True,24,1410,2195,0.011204665999997587,1.29574961285737
24,h2,True,24,2725,4208,0.02176124999999729,1.336813641595605
24,h2,True,24,1105,1744,0.008748999999994567,1.2813475862487618
24,h2,True,24,2802,4291,0.022470792000000017,1.338054419540395
24,h2,True,24,1565,2414,0.012834332999993592,1.3017196795330026
24,h2,True,24,1998,3076,0.016545458000003066,1.3169776565400544
24,h2,True,24,1602,2429,0.01351345799999848,1.3021088670970586
24,h2,True,24,2508,3834,0.021334999999993443,1.3309080971374065
24,h2,True,24,3232,4931,0.027186957999994377,1.346901364934884
24,h2,True,24,2191,3381,0.01782591599999961,1.3229488716988245
24,h2,True,24,2111,3212,0.01745866600000312,1.3197088030948727
24,h2,True,24,1871,2888,0.016132584000004613,1.3130005161405998
24,h2,True,24,2580,3965,0.020987500000003934,1.3330383655972735
24,h2,True,24,3311,5071,0.026290666999997825,1.3486863576085097
24,h2,True,24,1549,2379,0.012059499999999446,1.300802250132831
24,h2,True,24,2903,4463,0.02303691699999888,1.3405526369267924
24,h2,True,24,1268,1957,0.009791083000003198,1.2885569940288293
24,h2,True,24,1744,2708,0.013749875000002021,1.3089469827611988
24,h2,True,24,1997,3073,0.015657833000005894,1.3169160848462926
24,h2,True,24,3092,4739,0.02443891700000478,1.3443711359017598
24,h2,True,24,1411,2212,0.011069458999998005,1.2962335766940565
24,h2,True,24,1384,2147,0.010799957999999776,1.2943629495734115
24,h2,True,24,3074,4757,0.02477749999999901,1.344612560594586
24,h2,True,24,2329,3591,0.01864837499999794,1.3267607309900242
24,h2,True,24,1455,2247,0.011579958000005774,1.2972185536213896
24,h2,True,24,1779,2783,0.014239166000002967,1.3106671789025102
24,h2,True,24,753,1148,0.005862832999994794,1.2552689047360883
24,h2,True,24,668,1041,0.005173874999996997,1.2491813491562689
24,h2,True,24,2292,3548,0.01831095800000071,1.325998311814383
24,h2,True,24,2112,3246,0.016859042000000102,1.320373868792446
24,h2,True,24,3425,5253,0.027416750000000434,1.3509362160772769
24,h2,True,24,3076,4716,0.0246152090000038,1.3440613414111993
24,h2,True,24,2586,3980,0.020805166999998903,1.3332778804015373
24,h2,True,24,2698,4117,0.02153137500000213,1.3354254558603555
24,h2,True,24,752,1165,0.005875459000002081,1.256183885413432
24,h2,True,24,1535,2407,0.01225087499999944,1.301537244405667
24,h2,True,24,718,1107,0.0056507499999938204,1.253005645736684
24,h2,True,24,1890,2918,0.015073041999997372,1.3136519014478556
24,h2,True,24,704,1064,0.005600417000003688,1.250540737172385
24,h2,True,24,1289,1978,0.010076749999996082,1.289225380102955
24,h3,True,24,1818,2809,0.03777529199999918,1.3112529069686572
24,h3,True,24,695,1086,0.013693249999995771,1.2518139685534337
24,h3,True,24,815,1247,0.016129792000000975,1.26041912721633
24,h3,True,24,1351,2093,0.02740987500000358,1.292766000463264
24,h3,True,24,1570,2465,0.032148999999996875,1.3030333620623882
24,h3,True,24,1454,2253,0.029226790999999253,1.297385889858874
24,h3,True,24,454,718,0.008891500000004271,1.2260920400070128
24,h3,True,24,1570,2439,0.03225079100000272,1.3023670151665856
24,h3,True,24,746,1147,0.014714875000002792,1.255214664371254
24,h3,True,24,2289,3486,0.046689541999995754,1.3248829242171056
24,h3,True,24,976,1507,0.019259625000003666,1.272225066391253
24,h3,True,24,1504,2344,0.030445540999998855,1.299871453117321
24,h3,True,24,649,1005,0.012806333000000336,1.246992479854904
24,h3,True,24,965,1472,0.018993167000004973,1.2707588786855295
24,h3,True,24,1550,2408,0.03157558299999863,1.301563338474971
24,h3,True,24,1036,1654,0.02111995900000352,1.2780363908883485
24,h3,True,24,2158,3323,0.04403883399999842,1.3218551488720984
24,h3,True,24,1426,2213,0.029378832999995552,1.2962619310646555
24,h3,True,24,190,297,0.003653915999997537,1.1710439997568156
24,h3,True,24,592,924,0.011863374999997234,1.2417678458338668
24,h3,True,24,1411,2224,0.02934466700000371,1.2965729997474464
24,h3,True,24,1353,2128,0.02796812500000101,1.293805614778659
24,h3,True,24,485,752,0.009597500000005255,1.2289670264512584
24,h3,True,24,1434,2264,0.030051874999998063,1.2976915374947908
24,h3,True,24,1053,1661,0.021863209000002826,1.278300232275646
24,h3,True,24,1530,2402,0.03203654099999653,1.3014066139886404
24,h3,True,24,593,944,0.012086166999999648,1.2430990860715951
24,h3,True,24,1251,1926,0.025258667000002788,1.2875572990739044
24,h3,True,24,944,1494,0.019643584000000658,1.2716844509461325
24,h3,True,24,879,1378,0.017976666999999225,1.266643587339178
24,h3,True,24,1100,1707,0.02255354100000062,1.2800072108968723
24,h3,True,24,641,1011,0.012933458000006226,1.247362652983857
24,h3,True,24,1461,2258,0.029841417000000092,1.297525002172586
24,h3,True,24,1245,1958,0.025820084000002907,1.2885889818373548
24,h3,True,24,699,1091,0.014049874999997769,1.2520997642930913
24,h3,True,24,700,1094,0.014168415999996853,1.2522706178881782
24,h3,True,24,1118,1727,0.02287804099999846,1.280735258262367
24,h3,True,24,760,1211,0.015930125000004125,1.258594830903709
24,h3,True,24,938,1481,0.019463500000000522,1.2711391643767116
24,h3,True,24,881,1410,0.01860804199999677,1.2680749088534897
24,h3,True,24,965,1514,0.019962583000001644,1.2725142604693573
24,h3,True,24,1090,1662,0.02198266699999607,1.2783378342559288
24,h3,True,24,1623,2551,0.03434174999999584,1.3051892446280298
24,h3,True,24,1268,1970,0.026240250000000742,1.2889715849439343
24,h3,True,24,713,1110,0.01458391599999942,1.2531740499260957
24,h3,True,24,926,1438,0.018723958999999013,1.269301190206523
24,h3,True,24,999,1560,0.020389250000000914,1.2743824232775656
24,h3,True,24,1615,2487,0.03353562499999896,1.3035918206443
24,h3,True,24,1333,2119,0.028138333000001126,1.2935399021740595
24,h3,True,24,1370,2161,0.028468083999996452,1.2947705195257737
24,h3,True,24,324,508,0.006395040999997548,1.2045792130541
24,h3,True,24,695,1079,0.013971874999995748,1.2514116507666162
24,h3,True,24,1928,2979,0.03991099999999648,1.3149563622009848
24,h3,True,24,607,958,0.012089791000001071,1.2440143472828264
24,h3,True,24,1440,2230,0.029107082999999534,1.296742036124455
24,h3,True,24,1185,1868,0.024106457999998554,1.285643560268635
24,h3,True,24,859,1311,0.01689770899999843,1.263537056364993
24,h3,True,24,528,824,0.010328874999999016,1.234648792061634
24,h3,True,24,1257,1977,0.025448541999999463,1.2891937110703235
24,h3,True,24,513,806,0.010122958000003734,1.2332762596738052
24,h3,True,24,793,1240,0.015869457999997394,1.260068527825978
24,h3,True,24,1658,2602,0.03402491700000354,1.3064342493444459
24,h3,True,24,668,1065,0.013619165999998017,1.250599176505347
24,h3,True,24,1676,2595,0.03434929099999806,1.306264792986135
24,h3,True,24,918,1432,0.018518000000000256,1.2690404164009905
24,h3,True,24,1214,1883,0.02423887500000177,1.2861440494232346
24,h3,True,24,995,1577,0.02027787499999789,1.2750590846790377
24,h3,True,24,1333,2059,0.027004250000004504,1.2917395678687695
24,h3,True,24,1795,2775,0.03632079199999794,1.3104858738770209
24,h3,True,24,1269,1987,0.02581816600000053,1.2895096936560315
24,h3,True,24,1301,2029,0.026456166999999198,1.2908199350666978
24,h3,True,24,1230,1930,0.024767832999998518,1.2876871793447582
24,h3,True,24,1669,2602,0.03402012499999785,1.3064342493444459
24,h3,True,24,1683,2612,0.03495387499999936,1.3066755546720876
24,h3,True,24,947,1468,0.019292917000001353,1.2705891242163054
24,h3,True,24,1528,2394,0.03195229099999608,1.3011970482564958
24,h3,True,24,823,1292,0.016539041999998005,1.262627449181461
24,h3,True,24,872,1361,0.017697749999996404,1.2658697588534142
24,h3,True,24,1228,1916,0.024712458000003323,1.287231431756354
24,h3,True,24,1838,2860,0.03768241699999919,1.3123865379074444
24,h3,True,24,723,1123,0.014363457999998275,1.2538986166968855
24,h3,True,24,967,1529,0.019690083000000413,1.2731295369854196
24,h3,True,24,1566,2459,0.03222708399999874,1.3028802049335786
24,h3,True,24,1331,2051,0.026820084000000577,1.2914956292581343
24,h3,True,24,939,1467,0.018892749999999126,1.2705466141272281
24,h3,True,24,1127,1800,0.02356474999999847,1.2833238145765056
24,h3,True,24,406,635,0.007885749999999803,1.2184575766826993
24,h3,True,24,481,751,0.009341375000005314,1.2288843399965224
24,h3,True,24,1467,2292,0.029711750000004145,1.2984630059311129
24,h3,True,24,1211,1871,0.024024250000003633,1.2857439742951091
24,h3,True,24,1774,2778,0.036309583000004864,1.310553923316966
24,h3,True,24,1832,2835,0.0370185839999948,1.3118333375958038
24,h3,True,24,1462,2294,0.029513833999999406,1.298517755557584
24,h3,True,24,1897,2922,0.03835066599999948,1.3137382559177118
24,h3,True,24,477,759,0.009399334000001147,1.2295427712387275
24,h3,True,24,846,1353,0.017367000000000132,1.2655022873251638
24,h3,True,24,431,666,0.008342874999996752,1.2214200739403664
24,h3,True,24,1109,1732,0.02220979200000528,1.2809159699505317
24,h3,True,24,473,724,0.009005166999997982,1.2266091586957888
24,h3,True,24,664,1057,0.013323041999996121,1.250130127085264
